plane_id,airport_id,operation,1,2,3,4,5,6,7,8,9,10,11,12
A124-A,LEBL,arrival,0,0,0,0,0,0,0,0,0,1,0,0
A124-A,LEBL,departure,0,0,0,0,0,0,0,0,0,1,0,0
A124-A,LEGE,arrival,0,0,0,0,0,0,0,1,0,0,0,0
A124-A,LEGE,departure,0,0,0,0,0,0,0,1,0,0,0,0
A306-F,LEBL,arrival,1,3,1,1,1,0,0,0,2,5,3,8
A306-F,LEBL,departure,1,3,1,1,1,0,0,0,2,5,3,8
A30B-B,LEBL,arrival,0,0,0,0,0,0,0,0,0,0,0,0
A30B-B,LEBL,departure,0,0,0,0,0,0,0,0,0,0,0,0
A310-B,LEBL,arrival,3,0,1,2,8,7,12,12,6,4,0,0
A310-B,LEBL,departure,3,0,1,2,8,7,12,11,7,4,0,0
A318-A,LEBL,arrival,24,32,31,17,20,19,22,11,22,24,23,33
A318-A,LEBL,departure,24,32,31,17,20,19,22,11,22,24,23,33
A319-D,LEBL,arrival,470,473,543,619,711,721,738,758,704,665,479,469
A319-D,LEBL,departure,470,473,543,618,712,721,738,758,704,666,478,470
A319-D,LEGE,arrival,0,0,0,0,0,0,1,2,2,0,0,0
A319-D,LEGE,departure,0,0,0,0,0,0,1,2,2,0,0,0
A320-F,LEBL,arrival,2174,2020,2470,2982,3096,3197,3482,3391,3035,2719,2227,2134
A320-F,LEBL,departure,2175,2022,2467,2985,3096,3195,3493,3385,3031,2717,2225,2132
A320-F,LEGE,arrival,4,4,5,3,1,2,2,1,5,1,0,1
A320-F,LEGE,departure,4,4,5,3,1,2,2,1,5,1,0,1
A321-G,LEBL,arrival,276,312,445,453,517,522,539,669,703,675,537,494
A321-G,LEBL,departure,276,310,446,452,517,523,537,670,703,675,537,495
A332-E,LEBL,arrival,75,66,84,87,106,124,121,112,115,98,89,90
A332-E,LEBL,departure,75,66,84,87,106,124,121,112,115,98,89,90
A333-G,LEBL,arrival,12,11,20,37,32,44,52,62,51,42,15,8
A333-G,LEBL,departure,12,11,20,37,32,44,52,62,51,42,15,8
A343-C,LEBL,arrival,9,8,8,9,8,8,11,12,10,12,10,10
A343-C,LEBL,departure,9,8,8,9,8,8,11,12,10,12,10,10
A346-B,LEBL,arrival,0,0,0,0,1,1,0,0,0,0,0,0
A346-B,LEBL,departure,0,0,0,0,1,1,0,0,0,0,0,0
A359-A,LEBL,arrival,0,0,0,0,0,0,0,0,0,2,0,0
A359-A,LEBL,departure,0,0,0,0,0,0,0,0,0,2,0,0
A388-B,LEBL,arrival,15,14,15,15,15,15,15,15,15,15,15,16
A388-B,LEBL,departure,15,14,15,15,15,15,15,15,15,15,15,16
A743-A,LEGE,arrival,0,0,0,0,0,0,0,0,0,0,0,0
A743-A,LEGE,departure,0,0,0,0,0,0,0,0,0,0,0,0
AN-26,LEBL,arrival,0,0,0,0,0,0,0,0,0,0,0,0
AN-26,LEBL,departure,0,0,0,0,0,0,0,0,0,0,0,0
AN-26,LEGE,arrival,0,0,0,0,0,0,1,1,0,0,0,0
AN-26,LEGE,departure,0,0,0,0,0,0,1,1,0,0,0,0
ATR-42,LEBL,arrival,1,3,6,5,10,16,17,21,14,6,3,3
ATR-42,LEBL,departure,1,3,6,5,9,16,17,21,15,6,3,3
ATR-42,LEGE,arrival,0,0,0,0,0,0,1,0,0,0,0,0
ATR-42,LEGE,departure,0,0,0,0,0,0,1,0,0,0,0,0
ATR-72,LEBL,arrival,17,15,15,14,18,16,17,8,2,8,40,39
ATR-72,LEBL,departure,17,15,15,14,18,16,17,8,2,8,40,39
ATR-72,LEGE,arrival,0,0,0,0,0,0,0,0,0,1,0,0
ATR-72,LEGE,departure,0,0,0,0,0,0,0,0,0,1,0,0
B190,LEBL,arrival,10,17,13,10,18,22,10,13,10,7,9,6
B190,LEBL,departure,10,17,13,10,19,20,11,13,10,7,9,6
B190,LEGE,arrival,0,1,2,0,0,3,1,1,0,3,0,0
B190,LEGE,departure,0,1,2,0,0,3,1,1,0,3,0,0
B461-A,LEGE,arrival,0,0,0,0,2,0,0,0,0,0,0,0
B461-A,LEGE,departure,0,0,0,0,2,0,0,0,0,0,0,0
B462-A,LEBL,arrival,0,0,0,0,0,1,0,0,0,0,0,0
B462-A,LEBL,departure,0,0,0,0,0,1,0,0,0,0,0,0
B462-A,LEGE,arrival,0,0,1,0,0,0,0,0,0,0,0,0
B462-A,LEGE,departure,0,0,1,0,0,0,0,0,0,0,0,0
B463-A,LEBL,arrival,9,8,9,18,18,1,0,0,1,0,0,3
B463-A,LEBL,departure,9,8,9,18,18,1,0,0,1,0,0,3
B712-A,LEBL,arrival,0,0,0,0,0,0,0,0,1,0,0,1
B712-A,LEBL,departure,0,0,0,0,0,0,0,0,1,0,0,1
B712-A,LEGE,arrival,0,0,0,0,0,0,0,0,0,0,0,0
B712-A,LEGE,departure,0,0,0,0,0,0,0,0,0,0,0,0
B733-A,LEBL,arrival,35,45,50,48,58,60,60,63,65,58,34,28
B733-A,LEBL,departure,34,45,49,49,59,60,60,64,65,58,34,27
B733-A,LEGE,arrival,0,0,0,0,0,1,1,2,2,0,0,0
B733-A,LEGE,departure,0,0,0,0,0,1,1,2,2,0,0,0
B734-B,LEBL,arrival,39,37,40,39,30,30,21,32,17,14,17,22
B734-B,LEBL,departure,39,37,40,39,29,30,21,31,17,14,17,21
B734-B,LEGE,arrival,0,0,0,0,0,0,0,2,3,0,1,0
B734-B,LEGE,departure,0,0,0,0,0,0,0,2,2,0,1,0
B735-A,LEBL,arrival,5,4,4,5,3,1,3,3,0,3,2,3
B735-A,LEBL,departure,5,4,4,5,3,1,3,3,0,3,2,3
B736-A,LEBL,arrival,11,9,9,14,16,9,6,2,7,16,14,18
B736-A,LEBL,departure,11,9,9,14,16,9,6,2,7,16,14,18
B737-D,LEBL,arrival,50,44,39,74,74,79,93,84,75,61,60,65
B737-D,LEBL,departure,50,44,39,74,74,79,92,85,75,61,60,65
B737-D,LEGE,arrival,0,0,0,2,6,6,9,7,5,3,0,0
B737-D,LEGE,departure,0,0,0,2,6,6,9,7,5,3,0,0
B738-D,LEBL,arrival,801,737,930,1176,1200,1262,1290,1310,1252,1238,997,979
B738-D,LEBL,departure,801,736,929,1176,1200,1262,1289,1311,1252,1239,996,978
B738-D,LEGE,arrival,84,78,107,268,302,313,348,336,298,278,98,75
B738-D,LEGE,departure,84,78,106,267,302,313,348,336,297,279,99,75
B739-A,LEBL,arrival,52,43,60,26,29,29,29,31,27,40,47,32
B739-A,LEBL,departure,52,43,61,26,29,29,29,31,27,40,47,32
B739-A,LEGE,arrival,0,0,0,0,0,0,1,0,0,0,0,0
B739-A,LEGE,departure,0,0,0,0,0,0,1,0,0,0,0,0
B743-B,LEBL,arrival,1,0,0,0,1,0,0,0,0,0,0,0
B743-B,LEBL,departure,1,0,0,0,1,0,0,0,0,0,0,0
B744-B,LEBL,arrival,0,1,6,10,10,7,9,8,7,6,0,0
B744-B,LEBL,departure,0,1,6,10,10,7,9,8,7,6,0,0
B748-A,LEBL,arrival,1,2,1,2,2,1,1,2,2,1,2,2
B748-A,LEBL,departure,1,2,1,2,2,1,1,2,2,1,2,2
B74S-A,LEBL,arrival,0,0,0,0,0,0,0,0,0,0,0,0
B74S-A,LEBL,departure,0,0,0,0,0,0,0,0,0,0,0,0
B752-D,LEBL,arrival,24,18,27,23,17,35,37,47,31,12,4,6
B752-D,LEBL,departure,24,18,26,23,18,35,36,47,31,12,5,6
B752-D,LEGE,arrival,0,0,0,0,5,6,4,4,4,0,0,0
B752-D,LEGE,departure,0,0,0,0,5,6,4,4,4,0,0,0
B753-C,LEBL,arrival,13,13,24,24,24,25,34,24,28,30,28,22
B753-C,LEBL,departure,13,13,25,24,23,26,34,24,28,29,29,21
B762-B,LEBL,arrival,1,0,1,6,2,4,3,1,0,0,0,0
B762-B,LEBL,departure,1,0,1,6,2,4,3,1,0,0,0,0
B763-I,LEBL,arrival,38,33,41,57,77,78,100,80,64,61,51,54
B763-I,LEBL,departure,38,33,41,57,76,78,100,81,64,61,51,54
B763-I,LEGE,arrival,0,0,0,0,0,0,2,2,2,0,0,0
B763-I,LEGE,departure,0,0,0,0,0,0,2,2,2,0,0,0
B764-A,LEBL,arrival,10,10,11,0,12,14,15,15,15,16,19,19
B764-A,LEBL,departure,10,10,11,0,12,15,15,15,15,16,19,19
B772-F,LEBL,arrival,10,11,15,2,17,29,19,23,22,18,20,24
B772-F,LEBL,departure,10,11,15,2,17,29,19,23,22,18,20,24
B773-B,LEBL,arrival,17,16,22,17,21,22,34,36,33,37,26,25
B773-B,LEBL,departure,17,16,22,17,21,22,34,36,33,37,26,25
B773-B,LEGE,arrival,0,0,0,0,0,0,0,0,0,0,0,0
B773-B,LEGE,departure,0,0,0,0,0,0,0,0,0,0,0,0
B788-A,LEBL,arrival,0,0,0,0,0,0,0,0,0,0,1,0
B788-A,LEBL,departure,0,0,0,0,0,0,0,0,0,0,1,0
B788-A,LEGE,arrival,0,0,0,0,0,0,0,0,0,0,0,0
B788-A,LEGE,departure,0,0,0,0,0,0,0,0,0,0,0,0
BE40-A,LEBL,arrival,0,0,0,0,1,1,1,0,0,0,0,0
BE40-A,LEBL,departure,0,0,0,0,1,1,1,0,0,0,0,0
BE40-A,LEGE,arrival,0,0,0,0,0,0,1,0,0,0,0,0
BE40-A,LEGE,departure,0,0,0,0,0,0,1,0,0,0,0,0
C04T-A,LEGE,arrival,0,0,0,0,0,2,1,1,3,2,0,0
C04T-A,LEGE,departure,0,0,0,0,0,2,1,1,3,2,0,0
C172-A,LEBL,arrival,4,4,3,1,2,3,5,2,7,4,5,1
C172-A,LEBL,departure,4,4,3,1,2,3,5,2,7,4,5,1
C172-A,LEGE,arrival,48,38,59,25,38,21,29,24,33,16,65,32
C172-A,LEGE,departure,47,39,59,24,39,21,29,24,33,17,64,32
C500-A,LEBL,arrival,1,1,1,0,2,3,1,1,1,2,3,0
C500-A,LEBL,departure,1,0,1,0,2,3,1,1,1,2,3,0
C500-A,LEGE,arrival,0,0,0,1,0,1,2,0,0,0,0,0
C500-A,LEGE,departure,0,0,0,1,0,1,2,0,0,0,0,0
C510-A,LEBL,arrival,6,6,7,7,8,9,11,9,10,8,6,5
C510-A,LEBL,departure,6,6,7,7,8,9,11,9,10,8,7,4
C510-A,LEGE,arrival,0,0,0,0,0,1,0,4,1,0,1,0
C510-A,LEGE,departure,0,0,0,0,0,1,0,4,1,0,1,0
C550-A,LEBL,arrival,34,44,65,54,69,76,75,67,54,55,44,40
C550-A,LEBL,departure,33,44,67,53,67,76,77,67,52,56,45,39
C550-A,LEGE,arrival,5,8,7,8,52,56,66,66,55,49,33,18
C550-A,LEGE,departure,5,7,8,8,52,56,65,66,55,49,33,18
C560-B,LEBL,arrival,1,0,0,0,0,0,0,0,0,0,0,0
C560-B,LEBL,departure,1,0,0,0,0,0,0,0,0,0,0,0
C560-B,LEGE,arrival,1,0,0,0,0,0,0,0,0,0,0,0
C560-B,LEGE,departure,1,0,0,0,0,0,0,0,0,0,0,0
C56X-A,LEBL,arrival,2,0,1,3,4,2,5,0,1,1,2,2
C56X-A,LEBL,departure,2,0,1,3,4,2,5,0,1,1,2,2
C56X-A,LEGE,arrival,0,0,0,1,0,0,0,0,0,0,0,1
C56X-A,LEGE,departure,0,0,0,1,0,0,0,0,0,0,0,1
C680-A,LEBL,arrival,2,0,1,1,2,1,1,1,0,1,0,0
C680-A,LEBL,departure,2,0,1,1,2,1,1,1,0,1,0,0
C680-A,LEGE,arrival,1,0,1,1,2,1,1,3,0,1,0,0
C680-A,LEGE,departure,1,0,1,1,2,1,1,3,0,1,0,0
C750-B,LEBL,arrival,0,0,0,0,0,1,0,0,0,0,0,0
C750-B,LEBL,departure,0,0,0,0,0,1,0,0,0,0,0,0
C750-B,LEGE,arrival,0,0,0,0,0,0,0,0,0,0,0,0
C750-B,LEGE,departure,0,0,0,0,0,0,0,0,0,0,0,0
C82-A,LEBL,arrival,4,4,4,3,5,3,4,3,4,4,2,5
C82-A,LEBL,departure,5,4,5,2,5,3,3,3,4,4,3,3
C82-A,LEGE,arrival,10,7,6,3,8,18,20,6,8,6,5,4
C82-A,LEGE,departure,10,6,7,3,7,18,19,7,8,5,4,4
CL30-A,LEBL,arrival,6,5,20,10,17,12,13,9,10,10,7,4
CL30-A,LEBL,departure,6,5,21,10,16,12,13,11,9,11,8,3
CL30-A,LEGE,arrival,1,0,1,2,7,1,4,11,3,2,0,0
CL30-A,LEGE,departure,1,0,1,1,7,1,4,11,3,1,1,0
CL35-A,LEBL,arrival,0,0,0,0,0,0,0,0,0,1,0,0
CL35-A,LEBL,departure,0,0,0,0,0,0,0,0,0,1,0,0
CL35-A,LEGE,arrival,0,0,0,0,0,0,0,0,0,0,0,0
CL35-A,LEGE,departure,0,0,0,0,0,0,0,0,0,0,0,0
CL41-A,LEBL,arrival,0,0,0,0,0,0,0,0,0,0,0,0
CL41-A,LEBL,departure,0,0,0,0,0,0,0,0,0,0,0,0
CL60-E,LEBL,arrival,3,7,13,7,11,14,11,7,11,12,7,8
CL60-E,LEBL,departure,2,7,13,7,11,13,11,8,10,13,6,8
CL60-E,LEGE,arrival,0,0,0,0,1,1,1,2,0,0,0,0
CL60-E,LEGE,departure,0,0,0,0,1,1,1,2,0,0,0,0
CRJ2-B,LEBL,arrival,54,46,55,51,43,37,35,24,38,19,19,19
CRJ2-B,LEBL,departure,54,46,55,51,43,36,36,24,37,19,18,18
CRJ2-B,LEGE,arrival,0,0,0,0,0,0,0,0,0,0,0,0
CRJ2-B,LEGE,departure,0,0,0,0,0,0,0,0,0,0,0,0
CRJ9-A,LEBL,arrival,0,1,1,2,4,3,0,0,1,1,0,1
CRJ9-A,LEBL,departure,0,1,1,2,4,3,0,0,1,1,0,1
CRJ9-A,LEGE,arrival,0,0,0,0,0,0,0,1,0,0,0,0
CRJ9-A,LEGE,departure,0,0,0,0,0,0,0,1,0,0,0,0
CRJX-A,LEBL,arrival,0,0,0,0,0,0,0,0,0,0,0,0
CRJX-A,LEBL,departure,0,0,0,0,0,0,0,0,0,0,0,0
DA42-A,LEGE,arrival,0,0,0,0,0,0,0,0,0,0,0,0
DA42-A,LEGE,departure,0,0,0,0,0,0,0,0,0,0,0,0
DC3-A,LEGE,arrival,0,0,0,0,0,0,0,0,0,0,0,0
DC3-A,LEGE,departure,0,0,0,0,0,0,0,0,0,0,0,0
DHC-8,LEBL,arrival,12,12,11,14,15,14,10,5,8,12,3,2
DHC-8,LEBL,departure,12,12,11,14,15,14,10,5,8,12,3,2
DHC-8,LEGE,arrival,1,0,0,0,0,0,0,0,0,0,0,0
DHC-8,LEGE,departure,1,0,0,0,0,0,0,0,0,0,0,0
E135-A,LEBL,arrival,34,32,36,34,30,25,25,22,23,36,35,35
E135-A,LEBL,departure,34,32,36,34,30,25,25,22,23,36,35,35
E145-A,LEBL,arrival,48,45,52,63,51,73,80,80,65,57,60,58
E145-A,LEBL,departure,48,45,52,63,51,73,80,80,65,57,59,58
E145-A,LEGE,arrival,0,0,0,0,0,2,0,0,0,0,0,0
E145-A,LEGE,departure,0,0,0,0,0,1,0,0,0,0,0,0
E170-A,LEBL,arrival,6,6,2,2,3,2,1,1,2,5,3,1
E170-A,LEBL,departure,6,6,2,2,3,2,1,1,2,5,3,1
E170-A,LEGE,arrival,0,0,0,0,0,0,0,0,0,0,0,0
E170-A,LEGE,departure,0,0,0,0,0,0,0,0,0,0,0,0
E190-B,LEBL,arrival,78,73,55,71,108,105,122,121,115,85,78,94
E190-B,LEBL,departure,78,73,55,71,108,105,122,121,115,85,78,94
E190-B,LEGE,arrival,0,0,0,0,1,4,6,6,5,0,0,0
E190-B,LEGE,departure,0,0,0,0,1,4,6,6,5,0,0,0
E35L-B,LEBL,arrival,1,0,6,4,6,3,7,5,2,2,2,5
E35L-B,LEBL,departure,1,0,5,4,6,3,6,6,2,2,2,5
E35L-B,LEGE,arrival,1,0,1,0,0,2,3,3,0,0,0,0
E35L-B,LEGE,departure,1,0,1,0,0,2,3,3,0,0,0,0
E50P-A,LEBL,arrival,1,0,1,0,3,1,1,0,2,2,0,1
E50P-A,LEBL,departure,0,1,1,0,2,2,1,0,2,1,0,1
E50P-A,LEGE,arrival,0,0,0,0,0,0,0,0,0,0,0,0
E50P-A,LEGE,departure,0,0,0,0,0,0,0,0,0,0,0,0
E55P-A,LEBL,arrival,1,3,6,2,3,4,8,3,6,3,1,3
E55P-A,LEBL,departure,1,3,6,2,3,4,8,3,5,4,1,3
E55P-A,LEGE,arrival,0,0,1,1,1,2,1,3,1,1,0,0
E55P-A,LEGE,departure,0,0,1,1,1,2,1,3,1,1,0,0
EA50-A,LEGE,arrival,0,0,1,0,0,0,0,0,1,0,0,0
EA50-A,LEGE,departure,0,0,1,0,0,0,0,0,1,0,0,0
F100-A,LEBL,arrival,13,8,10,15,10,12,10,15,17,23,10,16
F100-A,LEBL,departure,13,8,10,15,10,12,10,15,17,23,10,16
F100-A,LEGE,arrival,0,0,0,0,1,0,0,1,0,0,0,0
F100-A,LEGE,departure,0,0,0,0,1,0,0,1,0,0,0,0
F70-A,LEBL,arrival,0,0,0,0,0,0,0,0,0,0,0,0
F70-A,LEBL,departure,0,0,0,0,0,0,0,0,0,0,0,0
F70-A,LEGE,arrival,0,0,0,0,1,0,0,0,0,0,0,0
F70-A,LEGE,departure,0,0,0,0,1,0,0,0,0,0,0,0
F900-A,LEBL,arrival,8,11,11,8,8,9,11,4,13,8,7,5
F900-A,LEBL,departure,8,12,11,9,8,8,12,5,12,8,8,5
F900-A,LEGE,arrival,0,0,0,0,0,1,3,3,0,0,1,0
F900-A,LEGE,departure,0,0,0,0,0,1,3,3,0,0,1,0
FA50-A,LEBL,arrival,7,10,16,20,15,15,15,9,12,10,10,10
FA50-A,LEBL,departure,7,9,17,19,16,14,16,8,12,10,10,10
FA50-A,LEGE,arrival,0,2,0,0,2,2,1,2,0,0,0,0
FA50-A,LEGE,departure,0,1,0,0,2,2,1,2,0,0,0,0
FA7X-A,LEBL,arrival,1,2,4,3,4,3,1,2,2,3,2,0
FA7X-A,LEBL,departure,1,2,4,3,4,3,1,2,2,3,2,0
FA7X-A,LEGE,arrival,0,0,0,0,0,0,1,0,0,0,0,0
FA7X-A,LEGE,departure,0,0,0,0,0,0,1,0,0,0,0,0
G150-A,LEBL,arrival,0,0,0,0,0,1,0,0,0,0,0,0
G150-A,LEBL,departure,0,0,0,0,0,1,0,0,0,0,0,0
G150-A,LEGE,arrival,0,0,0,0,0,0,1,0,0,0,0,0
G150-A,LEGE,departure,0,0,0,0,0,0,1,0,0,0,0,0
G250-A,LEBL,arrival,5,7,12,9,8,12,12,6,13,12,7,7
G250-A,LEBL,departure,5,7,12,9,8,12,13,7,12,12,7,8
G250-A,LEGE,arrival,1,0,0,0,0,1,1,1,0,0,0,0
G250-A,LEGE,departure,1,0,0,0,0,1,1,1,0,0,0,0
G280-A,LEBL,arrival,0,0,0,0,0,0,0,0,0,0,0,0
G280-A,LEBL,departure,0,0,0,0,0,0,0,0,0,0,0,0
G59-A,LEBL,arrival,0,0,0,0,0,0,0,0,0,0,0,0
G59-A,LEBL,departure,0,0,0,0,0,0,0,0,0,0,0,0
G59-A,LEGE,arrival,0,0,1,0,2,0,0,0,0,0,0,0
G59-A,LEGE,departure,0,0,1,0,2,0,0,0,0,0,0,0
GLEX-A,LEBL,arrival,0,0,1,1,0,0,0,0,0,0,0,0
GLEX-A,LEBL,departure,0,0,1,1,0,0,0,0,0,0,1,0
GLEX-A,LEGE,arrival,0,0,0,1,0,0,0,1,0,0,0,0
GLEX-A,LEGE,departure,0,0,0,1,0,0,0,1,0,0,0,0
GLF2-A,LEBL,arrival,7,9,18,6,18,13,15,13,13,11,8,12
GLF2-A,LEBL,departure,8,8,18,7,17,12,16,13,13,12,8,11
GLF2-A,LEGE,arrival,0,0,0,0,3,3,3,5,2,1,0,0
GLF2-A,LEGE,departure,0,0,0,0,3,3,2,6,2,1,0,0
GLF4-A,LEBL,arrival,1,1,1,0,0,0,2,1,1,0,0,1
GLF4-A,LEBL,departure,1,1,2,0,1,1,2,1,1,0,0,1
GLF5-A,LEBL,arrival,0,0,4,0,2,1,4,1,2,2,1,1
GLF5-A,LEBL,departure,0,0,4,0,2,1,4,1,3,2,1,1
GLF6-A,LEBL,arrival,0,1,3,0,1,2,4,1,2,2,1,1
GLF6-A,LEBL,departure,0,1,4,0,2,1,4,2,2,2,1,1
GLF6-A,LEGE,arrival,0,1,0,0,0,0,0,0,0,0,1,0
GLF6-A,LEGE,departure,0,1,0,0,0,0,0,0,0,0,1,0
H25B-A,LEBL,arrival,3,3,11,8,8,9,12,6,6,8,4,4
H25B-A,LEBL,departure,3,3,11,7,9,9,12,6,5,9,3,5
H25B-A,LEGE,arrival,0,0,0,1,1,1,2,3,1,1,0,1
H25B-A,LEGE,departure,0,0,0,1,1,1,2,3,1,1,0,1
HA4T-A,LEBL,arrival,0,0,0,0,1,0,1,0,0,0,0,0
HA4T-A,LEBL,departure,0,0,0,0,1,0,1,0,0,0,0,0
HA4T-A,LEGE,arrival,0,0,0,0,0,0,0,0,0,0,0,0
HA4T-A,LEGE,departure,0,0,0,0,0,0,0,0,0,0,0,0
J328-A,LEBL,arrival,1,0,4,7,10,8,8,6,6,4,1,0
J328-A,LEBL,departure,1,0,4,7,10,8,8,6,6,4,1,0
J328-A,LEGE,arrival,0,0,1,0,2,3,6,1,1,0,0,0
J328-A,LEGE,departure,0,0,1,0,2,3,6,1,1,0,0,0
JCOM-A,LEBL,arrival,0,0,0,0,0,0,0,0,0,0,0,0
JCOM-A,LEBL,departure,0,0,0,0,0,0,0,0,0,0,0,0
LJ25-A,LEBL,arrival,6,5,6,5,9,4,6,8,5,7,7,3
LJ25-A,LEBL,departure,6,5,7,5,9,4,6,8,5,7,7,3
LJ25-A,LEGE,arrival,1,0,0,3,1,1,8,1,3,2,0,0
LJ25-A,LEGE,departure,1,0,0,3,1,1,8,1,3,2,0,0
MD11-A,LEBL,arrival,0,0,0,0,0,0,0,0,0,0,0,0
MD11-A,LEBL,departure,0,0,0,0,0,0,0,0,0,0,0,0
MD83-C,LEBL,arrival,0,0,0,0,0,0,0,0,0,0,0,0
MD83-C,LEBL,departure,0,0,0,0,0,0,0,0,0,0,0,0
MD87-B,LEBL,arrival,1,0,0,0,0,0,0,0,0,0,0,0
MD87-B,LEBL,departure,1,0,0,0,0,0,0,0,0,0,0,0
MU30-A,LEBL,arrival,0,0,0,0,0,0,0,0,0,0,0,0
MU30-A,LEBL,departure,0,0,0,0,0,0,0,0,0,0,0,0
P66P-A,LEBL,arrival,3,2,7,3,8,4,7,3,5,3,10,7
P66P-A,LEBL,departure,3,2,7,3,8,4,7,3,5,3,10,8
P66P-A,LEGE,arrival,0,4,2,3,2,5,6,3,4,4,1,1
P66P-A,LEGE,departure,0,4,2,3,2,4,6,3,4,4,1,1
P68-A,LEBL,arrival,0,4,6,6,7,9,6,5,2,3,1,0
P68-A,LEBL,departure,0,4,6,6,7,9,6,5,2,3,1,0
P68-A,LEGE,arrival,0,0,0,0,0,0,0,0,0,0,0,0
P68-A,LEGE,departure,0,0,0,0,0,0,0,0,0,0,0,0
PA23-A,LEBL,arrival,0,0,0,1,0,1,2,1,1,0,0,1
PA23-A,LEBL,departure,0,0,0,1,0,1,2,1,1,0,0,1
PA23-A,LEGE,arrival,9,8,5,13,7,7,14,13,1,5,0,0
PA23-A,LEGE,departure,9,8,5,13,8,7,14,13,1,5,1,0
PA32-A,LEBL,arrival,0,1,1,0,0,0,0,0,1,0,0,0
PA32-A,LEBL,departure,0,1,1,0,0,0,0,0,1,0,0,0
PA32-A,LEGE,arrival,0,2,1,1,2,1,1,2,1,0,1,1
PA32-A,LEGE,departure,0,2,0,2,2,1,1,2,1,0,1,1
PRM1-A,LEBL,arrival,0,1,1,0,0,0,0,1,1,1,0,0
PRM1-A,LEBL,departure,0,1,1,0,0,0,0,1,1,1,0,0
PRM1-A,LEGE,arrival,0,0,0,0,0,0,0,0,0,0,0,0
PRM1-A,LEGE,departure,0,0,0,0,0,0,0,0,0,0,0,0
S34,LEBL,arrival,1,0,0,0,11,12,0,0,0,0,0,0
S34,LEBL,departure,1,0,0,0,11,12,0,0,0,0,0,0
S34,LEGE,arrival,0,0,0,0,0,3,4,3,0,0,0,0
S34,LEGE,departure,0,0,0,0,0,3,4,3,0,0,0,0
T204-A,LEBL,arrival,0,0,2,0,0,0,5,4,5,0,0,0
T204-A,LEBL,departure,0,0,2,0,0,0,5,4,5,0,0,0
YK40-A,LEBL,arrival,0,0,0,0,0,0,0,0,0,0,0,0
YK40-A,LEBL,departure,0,0,0,0,0,0,0,0,0,0,0,0
YK40-A,LEGE,arrival,0,0,0,0,0,0,0,0,0,0,0,0
YK40-A,LEGE,departure,0,0,0,0,0,0,0,0,0,0,0,0
