"P_hour","operation","day_type","00","01","02","03","04","05","06","07","08","09","10","11","12","13","14","15","16","17","18","19","20","21","22","23"
"GCFV","arrival","weekend",0,0,0,0,0,0,0,0,0.0799992000079999,0.039999600004,0.0799992000079999,0.0866691333086669,0.046669533304667,0.046669533304667,0.0599994000059999,0.039999600004,0.039999600004,0.0666693333066669,0.0599994000059999,0.0933290667093329,0.119998800012,0.0799992000079999,0.0533294667053329,0.00666993330066699
"GCFV","arrival","weekday",0,0,0,0,0,0,0,0,0.0725592744072559,0.0599394006059939,0.044159558404416,0.0977890221097789,0.0599394006059939,0.0473195268047319,0.0725592744072559,0.0725592744072559,0.0599394006059939,0.0788592114078859,0.0567794322056779,0.0662493375066249,0.10409895901041,0.0504694953050469,0.03469965300347,0.022079779202208
"GCFV","departure","weekend",0.00667,0,0,0,0,0,0,0,0.00667,0.1,0.01333,0.09333,0.09333,0.04667,0.04,0.05333,0.05333,0.04,0.05333,0.06667,0.10667,0.10667,0.08667,0.03333
"GCFV","departure","weekday",0,0,0,0,0,0,0,0,0.012660126601266,0.0854408544085441,0.050630506305063,0.050630506305063,0.101271012710127,0.0664606646066461,0.034810348103481,0.0791107911079111,0.0759507595075951,0.0759507595075951,0.0664606646066461,0.047470474704747,0.0727807278072781,0.113921139211392,0.028480284802848,0.037970379703797
"GCGM","arrival","weekend",0,0,0,0,0,0,0,0,0,0.222222222222222,0.222222222222222,0.111111111111111,0,0,0,0,0.111111111111111,0.222222222222222,0.111111111111111,0,0,0,0,0
"GCGM","arrival","weekday",0,0,0,0,0,0,0,0,0,0.22727454549091,0.0454509090181804,0,0.0454509090181804,0.0454509090181804,0.136362727254545,0,0.181823636472729,0.181823636472729,0.136362727254545,0,0,0,0,0
"GCGM","departure","weekend",0,0,0,0,0,0,0,0,0,0.222222222222222,0,0.222222222222222,0,0,0,0,0.111111111111111,0.111111111111111,0.333333333333333,0,0,0,0,0
"GCGM","departure","weekday",0,0,0,0,0,0,0,0,0,0.045450454504545,0.181821818218182,0.045450454504545,0,0.045450454504545,0.181821818218182,0,0.181821818218182,0.0909109091090911,0.227272272722727,0,0,0,0,0
"GCHI","arrival","weekend",0.0526310526210524,0,0,0,0,0,0,0,0,0.105262105242105,0.0526310526210524,0.263165263305266,0.105262105242105,0.105262105242105,0,0.0526310526210524,0.105262105242105,0.0526310526210524,0.105262105242105,0,0,0,0,0
"GCHI","arrival","weekday",0,0,0,0,0,0,0,0,0,0.166668333316667,0,0.305556944430556,0.111108888911111,0.0833291667083329,0,0.027779722202778,0.138888611113889,0,0.166668333316667,0,0,0,0,0
"GCHI","departure","weekend",0.0526305263052631,0,0,0,0,0,0,0,0,0.105261052610526,0.0526305263052631,0.263162631626316,0,0.263162631626316,0,0,0.0526305263052631,0.0526305263052631,0.105261052610526,0.0526305263052631,0,0,0,0
"GCHI","departure","weekday",0,0,0,0,0,0,0,0,0,0.138888611113889,0.027779722202778,0.166668333316667,0.166668333316667,0.138888611113889,0.027779722202778,0,0.111108888911111,0.0833291667083329,0.138888611113889,0,0,0,0,0
"GCLA","arrival","weekend",0,0,0,0,0,0,0,0,0,0.105258947410526,0.035089649103509,0.0877191228087719,0.0701792982070179,0.0877191228087719,0.0877191228087719,0.035089649103509,0.0526294737052629,0.122808771912281,0.0877191228087719,0.035089649103509,0.0701792982070179,0.105258947410526,0.017539824601754,0
"GCLA","arrival","weekday",0,0,0,0,0,0,0,0,0,0.130718692813072,0.0457495425045749,0.0784292157078429,0.0980390196098039,0.0653593464065359,0.0718992810071899,0.026139738602614,0.0522894771052289,0.0849691503084969,0.104578954210458,0.0653593464065359,0.0718992810071899,0.0914990850091499,0.013069869301307,0
"GCLA","departure","weekend",0,0,0,0,0,0,0,0,0,0.122807543849123,0.0350892982140357,0.0526289474210516,0.0877182456350873,0.0526289474210516,0.0877182456350873,0.0526289474210516,0.0701785964280714,0.0701785964280714,0.175436491270175,0.0350892982140357,0.0701785964280714,0.0526289474210516,0.0350892982140357,0
"GCLA","departure","weekday",0,0,0,0,0,0,0,0,0,0.15033,0.02614,0.06536,0.11111,0.05882,0.08497,0.02614,0.06536,0.05882,0.09804,0.0915,0.03922,0.08497,0.03268,0.00654
"GCLP","arrival","weekend",0.020589794102059,0.017649823501765,0.029409705902941,0.020589794102059,0.023529764702353,0.00587994120058799,0.017649823501765,0.00587994120058799,0.023529764702353,0.0705892941070589,0.0823491765082349,0.0705892941070589,0.032349676503235,0.020589794102059,0.0470595294047059,0.023529764702353,0.0470595294047059,0.0705892941070589,0.0558794412055879,0.0705892941070589,0.0882391176088239,0.0588194118058819,0.038239617603824,0.0588194118058819
"GCLP","arrival","weekday",0.03591107733232,0.0165704971149134,0.0179605388161645,0.0110503315099453,0.0124303729111873,0.00414012420372611,0.0124303729111873,0,0.0138104143124294,0.0483414502435073,0.0842525275758273,0.0566316989509685,0.0593917817534526,0.0635419062571877,0.0607718231546946,0.0469614088422653,0.0428212846385392,0.0649219476584298,0.0442013260397812,0.0676820304609138,0.073202196065882,0.0497214916447493,0.0511015330459914,0.0621518645559367
"GCLP","departure","weekend",0.0174903498069961,0.00875017500350007,0.0145802916058321,0.0291505830116602,0.0174903498069961,0.0116602332046641,0,0.0583111662233245,0.0758015160303206,0.0437308746174924,0.0699713994279886,0.0699713994279886,0.0728914578291566,0.0320706414128283,0.0174903498069961,0.0524810496209924,0.0379007580151603,0.0437308746174924,0.0553911078221564,0.0524810496209924,0.0903818076361527,0.0612212244244885,0.0553911078221564,0.0116602332046641
"GCLP","departure","weekday",0.00824983500329994,0.00549989000219996,0.0192596148077038,0.0192596148077038,0.0137597248055039,0.00137997240055199,0.00274994500109998,0.0481390372192556,0.0866582668346633,0.0440191196176076,0.0618987620247595,0.0701485970280595,0.0563988720225596,0.0536489270214596,0.0536489270214596,0.0618987620247595,0.0673986520269595,0.0453890922181556,0.0660186796264075,0.0371392572148557,0.0618987620247595,0.0660186796264075,0.0426391472170557,0.00687986240275195
"GCRR","arrival","weekend",0,0,0,0,0,0,0,0,0.07602,0.07018,0.05848,0.05848,0.05848,0.04678,0.05263,0.07018,0.01754,0.05263,0.14035,0.05848,0.06433,0.09357,0.02924,0.05263
"GCRR","arrival","weekday",0.00542005420054201,0.00542005420054201,0,0,0,0,0,0,0.0623306233062331,0.0623306233062331,0.046070460704607,0.0704607046070461,0.0542005420054201,0.0704607046070461,0.0785907859078591,0.0840108401084011,0.0596205962059621,0.0542005420054201,0.0514905149051491,0.0704607046070461,0.0596205962059621,0.0948509485094851,0.0433604336043361,0.02710027100271
"GCRR","departure","weekend",0.0173406936277451,0,0,0,0,0,0,0,0.046241849673987,0.121394855794232,0.0231209248369935,0.0693627745109804,0.0520220808832353,0.046241849673987,0.0635825433017321,0.0404616184647386,0.0635825433017321,0.0231209248369935,0.0751430057202288,0.12717508700348,0.0635825433017321,0.0635825433017321,0.0635825433017321,0.0404616184647386
"GCRR","departure","weekday",0.01629983700163,0,0.002719972800272,0,0,0,0,0.002719972800272,0.035329646703533,0.0869591304086959,0.043479565204348,0.0679293207067929,0.048909510904891,0.0706492935070649,0.0570694293057069,0.0760892391076089,0.0978290217097829,0.0597794022059779,0.048909510904891,0.0652193478065219,0.0570694293057069,0.0815191848081519,0.0597794022059779,0.021739782602174
"GCTS","arrival","weekend",0.035210352103521,0.0633806338063381,0.0774607746077461,0.014080140801408,0.014080140801408,0.028170281702817,0.021130211302113,0.00704007040070401,0.028170281702817,0.014080140801408,0.042250422504225,0.0633806338063381,0.0633806338063381,0,0.0563405634056341,0.028170281702817,0.028170281702817,0.0985909859098591,0.0845108451084511,0.112681126811268,0.035210352103521,0.021130211302113,0.035210352103521,0.028170281702817
"GCTS","arrival","weekday",0.0415616624664987,0.046451858074323,0.0391215648625945,0.0268910756430257,0.00489019560782431,0.00733029321172847,0.00978039121564863,0.00978039121564863,0.00733029321172847,0.0171106844273771,0.0611224448977959,0.0293411736469459,0.078243129725189,0.0342313692547702,0.0489019560782431,0.0537921516860674,0.0537921516860674,0.0586823472938918,0.0513420536821473,0.078243129725189,0.0806832273290932,0.0586823472938918,0.0586823472938918,0.0440117604704188
"GCTS","departure","weekend",0,0.00685,0.05479,0.07534,0.02055,0,0.0137,0.05479,0.0411,0.06164,0.02055,0.06849,0.06164,0.08219,0,0.0411,0.02055,0.0274,0.08904,0.07534,0.08904,0.03425,0.0137,0.04795
"GCTS","departure","weekday",0.01737,0.01489,0.00496,0.0397,0.03226,0.00496,0,0.0397,0.05211,0.067,0.02233,0.0794,0.02978,0.067,0.04715,0.05459,0.05459,0.04467,0.05955,0.04218,0.06452,0.07444,0.05211,0.03474
"GCXO","arrival","weekend",0,0.00526,0,0,0,0,0,0,0.03158,0.02632,0.09474,0.04211,0.08947,0.06316,0.05789,0.04211,0.04737,0.1,0.08421,0.08947,0.06842,0.05789,0.09474,0.00526
"GCXO","arrival","weekday",0,0,0,0,0,0,0,0,0.040649593504065,0.032519674803252,0.103658963410366,0.030489695103049,0.0975590244097559,0.0569094309056909,0.0772392276077239,0.0589394106058939,0.0650393496065039,0.0853691463085369,0.0528494715052849,0.0873991260087399,0.0650393496065039,0.0731692683073169,0.0711392886071139,0.002029979700203
"GCXO","departure","weekend",0,0,0,0,0,0,0,0,0.09474,0.04211,0.08947,0.03684,0.08947,0.06316,0.08421,0.05263,0.04211,0.1,0.07368,0.08947,0.07895,0.03158,0.02632,0.00526
"GCXO","departure","weekday",0,0,0,0,0,0,0,0,0.0914590854091459,0.0569094309056909,0.0711392886071139,0.0711392886071139,0.0691093089069109,0.0894291057089429,0.0670693293067069,0.0609793902060979,0.0528494715052849,0.0650393496065039,0.0995890041099589,0.0508094919050809,0.0873991260087399,0.038619613803862,0.024389756102439,0.004069959300407
"GEML","arrival","weekend",0,0,0,0,0,0,0,0.0689693103068969,0.103448965510345,0,0.103448965510345,0.034479655203448,0.172408275917241,0.0689693103068969,0.0689693103068969,0.034479655203448,0,0.137928620713793,0.103448965510345,0.0689693103068969,0.034479655203448,0,0,0
"GEML","arrival","weekday",0,0,0,0,0,0,0,0.012349876501235,0.037039629603704,0.0740692593074069,0.160488395116049,0.012349876501235,0.0987690123098769,0.0987690123098769,0.037039629603704,0.0864191358086419,0.0740692593074069,0.197528024719753,0.012349876501235,0.0493795062049379,0.0493795062049379,0,0,0
"GEML","departure","weekend",0,0,0,0,0,0,0,0,0.137927241455171,0.0344793104137917,0,0.0689686206275875,0.0689686206275875,0.206895862082758,0.0344793104137917,0.0689686206275875,0.0344793104137917,0.103447931041379,0.0689686206275875,0.103447931041379,0.0689686206275875,0,0,0
"GEML","departure","weekday",0,0,0,0,0,0,0,0,0.0493804938049381,0.0617306173061731,0.0617306173061731,0.0740707407074071,0.0740707407074071,0.0740707407074071,0.0493804938049381,0.111111111111111,0.13580135801358,0.0987709877098771,0.111111111111111,0,0.0864208642086421,0.012350123501235,0,0
"LEAB","arrival","weekend",0,0,0,0,0,0,0,0,0,0,0.4,0,0,0,0,0,0,0.2,0,0,0.2,0,0.2,0
"LEAB","arrival","weekday",0,0,0,0,0,0,0,0,0,0,0,0.235294705894118,0,0,0.0588211764235285,0,0.235294705894118,0.0588211764235285,0.0588211764235285,0,0,0.0588211764235285,0.29412588251765,0
"LEAB","departure","weekend",0,0,0,0,0,0,0,0.2,0.2,0.2,0,0.2,0,0,0,0,0,0,0,0.2,0,0,0,0
"LEAB","departure","weekday",0,0,0,0,0,0,0,0.29412588251765,0,0.0588211764235285,0,0,0.0588211764235285,0,0,0.411768235364707,0.0588211764235285,0.0588211764235285,0.0588211764235285,0,0,0,0,0
"LEAL","arrival","weekend",0.0391492170156597,0.00355992880142397,0.0106797864042719,0,0,0,0.00355992880142397,0.0249095018099638,0.0604987900241995,0.0747285054298914,0.0889682206355873,0.0676186476270475,0.0569388612227755,0.0391492170156597,0.0426991460170797,0.0426991460170797,0.0391492170156597,0.0854082918341633,0.0355892882142357,0.0569388612227755,0.0676186476270475,0.0676186476270475,0.0498190036199276,0.0426991460170797
"LEAL","arrival","weekday",0.034479655203448,0.003129968700313,0.00469995300047,0.001569984300157,0.001569984300157,0,0.010969890301097,0.025079749202508,0.0799392006079939,0.0611293887061129,0.0799392006079939,0.0799392006079939,0.0564294357056429,0.0626993730062699,0.042319576804232,0.029779702202978,0.0611293887061129,0.037619623803762,0.0595594044059559,0.0611293887061129,0.0548594514054859,0.0705292947070529,0.0454495455045449,0.036049639503605
"LEAL","departure","weekend",0.02158,0.01439,0.00719,0.0036,0.0036,0,0.02518,0.01439,0.03597,0.06115,0.07554,0.07194,0.07914,0.05396,0.03597,0.05036,0.03237,0.05755,0.06475,0.05036,0.06475,0.06115,0.06475,0.05036
"LEAL","departure","weekday",0.0204704094081882,0.0110202204044081,0.00945018900378008,0.00157003140062801,0.00157003140062801,0.00315006300126003,0.0283505670113402,0.0267705354107082,0.0503910078201564,0.0598411968239365,0.0614212284245685,0.0803116062321246,0.0834616692333847,0.0393707874157483,0.0692913858277166,0.0472409448188964,0.0315006300126003,0.0614212284245685,0.0315006300126003,0.0818916378327567,0.0551211024220484,0.0614212284245685,0.0425208504170083,0.0409408188163763
"LEAM","arrival","weekend",0,0,0,0,0,0,0,0,0.01754,0.10526,0.05263,0.07018,0.10526,0.07018,0.10526,0.01754,0.07018,0.08772,0.03509,0.10526,0.03509,0.07018,0.03509,0.01754
"LEAM","arrival","weekday",0.01493,0,0.00746,0,0,0,0,0.01493,0.0597,0.09701,0.08955,0.10448,0.02239,0.02985,0.07463,0.00746,0.0597,0.08209,0.13433,0.00746,0.06716,0.07463,0.05224,0
"LEAM","departure","weekend",0.0163903278065561,0,0,0,0,0,0,0.0491809836196724,0,0.0819716394327887,0.0983619672393448,0.0655713114262285,0.0983619672393448,0.0655713114262285,0.0163903278065561,0.114752295045901,0.0491809836196724,0.0819716394327887,0.0983619672393448,0.0327906558131163,0.0491809836196724,0.0655713114262285,0.0163903278065561,0
"LEAM","departure","weekday",0.00762992370076299,0,0,0,0,0,0,0.0763392366076339,0.04579954200458,0.122138778612214,0.0610693893061069,0.122138778612214,0.038169618303817,0.015269847301527,0.0610693893061069,0.015269847301527,0.0610693893061069,0.0839691603083969,0.122138778612214,0.0610693893061069,0.030529694703053,0.0686993130068699,0.00762992370076299,0
"LEAS","arrival","weekend",0,0,0,0,0,0,0,0.040820408204082,0.0612206122061221,0,0.0816308163081631,0.0816308163081631,0.040820408204082,0.0612206122061221,0.040820408204082,0.122451224512245,0.0816308163081631,0.0612206122061221,0.020410204102041,0.102041020410204,0.040820408204082,0.102041020410204,0.0612206122061221,0
"LEAS","arrival","weekday",0,0,0,0,0,0,0,0.0714307143071431,0.038960389603896,0.045450454504545,0.045450454504545,0.0779207792077921,0.0714307143071431,0.0779207792077921,0.110391103911039,0.0909109091090911,0.032470324703247,0.0844208442084421,0.045450454504545,0.0584405844058441,0.032470324703247,0.0779207792077921,0.032470324703247,0.00649006490064901
"LEAS","departure","weekend",0,0,0,0,0,0,0,0.02083,0.0625,0.0625,0.04167,0.04167,0.08333,0.0625,0.02083,0.125,0.125,0.04167,0.08333,0,0.10417,0.0625,0.0625,0
"LEAS","departure","weekday",0,0,0,0,0,0,0,0.0324693506129877,0.0714285714285714,0.0454490910181796,0.0519489610207796,0.0649387012259755,0.103897922041559,0.0649387012259755,0.0584388312233755,0.123377532449351,0.0389592208155837,0.0909081818363633,0.0519489610207796,0.0519489610207796,0.0324693506129877,0.0519489610207796,0.0584388312233755,0.00648987020259595
"LEBA","arrival","weekend",0,0,0,0,0,0,0,0,0.05,0.2,0.1,0.25,0.1,0.2,0,0,0,0,0,0,0.1,0,0,0
"LEBA","arrival","weekday",0,0,0,0,0,0,0,0,0.0727314546290926,0.145452909058181,0.109092181843637,0.163643272865457,0.127272545450909,0.0727314546290926,0.0181803636072721,0.0363607272145443,0,0.0181803636072721,0.0363607272145443,0.0181803636072721,0.0363607272145443,0.127272545450909,0.0181803636072721,0
"LEBA","departure","weekend",0,0,0,0,0,0,0,0,0.2,0.1,0.2,0.2,0.15,0.1,0,0,0,0,0,0,0.05,0,0,0
"LEBA","departure","weekday",0,0,0,0,0,0,0,0,0.129626111216664,0.111106666799996,0.166665000049999,0.074067777966661,0.111106666799996,0.0555583332500025,0.0555583332500025,0.0555583332500025,0.0555583332500025,0.0555583332500025,0.0185194444166675,0.0185194444166675,0.0555583332500025,0.037038888833335,0,0
"LEBB","arrival","weekend",0,0,0,0,0,0,0,0,0.00657993420065799,0.0789492105078949,0.0526294737052629,0.0657893421065789,0.0723692763072369,0.039469605303947,0.0986790132098679,0.019739802601974,0.0657893421065789,0.0723692763072369,0.0789492105078949,0.0657893421065789,0.0723692763072369,0.0723692763072369,0.0921090789092109,0.0460495395046049
"LEBB","arrival","weekday",0.00200004000080002,0,0,0,0,0,0.00200004000080002,0.0160303206064121,0.0420808416168323,0.0661313226264525,0.0541110822216444,0.0521010420208404,0.0861717234344687,0.0601212024240485,0.104212084241685,0.0340706814136283,0.0601212024240485,0.0641312826256525,0.0741514830296606,0.0460909218184364,0.0420808416168323,0.0801616032320646,0.0901818036360727,0.0240504810096202
"LEBB","departure","weekend",0,0,0,0,0,0,0.032890328903289,0.0921109211092111,0.019740197401974,0.039470394703947,0.105261052610526,0.046050460504605,0.0657906579065791,0.0723707237072371,0.039470394703947,0.0723707237072371,0.032890328903289,0.0921109211092111,0.0855308553085531,0.0657906579065791,0.046050460504605,0.039470394703947,0.032890328903289,0.019740197401974
"LEBB","departure","weekday",0,0,0,0,0,0,0.046180461804618,0.0903609036090361,0.028110281102811,0.0542205422054221,0.0743007430074301,0.0662706627066271,0.042170421704217,0.0923709237092371,0.0582305823058231,0.0843408434084341,0.0522105221052211,0.0622506225062251,0.0682706827068271,0.0702807028070281,0.038150381503815,0.028110281102811,0.036140361403614,0.00803008030080301
"LEBL","arrival","weekend",0.032809671903281,0.00904990950090499,0.00791992080079199,0.004519954800452,0.00678993210067899,0.001129988700113,0.011309886901131,0.022619773802262,0.0531694683053169,0.0588194118058819,0.0622193778062219,0.0622193778062219,0.0610893891061089,0.0508994910050899,0.0610893891061089,0.048639513604864,0.0497695023049769,0.0712692873071269,0.041859581404186,0.0520394796052039,0.0622193778062219,0.0678693213067869,0.0441195588044119,0.0565594344056559
"LEBL","arrival","weekday",0.01784,0.01054,0.00567,0.00324,0.00932,0.00689,0.00932,0.02229,0.06688,0.06242,0.05229,0.06364,0.05756,0.05797,0.05594,0.04662,0.04905,0.0604,0.05675,0.06972,0.05594,0.05634,0.04905,0.05432
"LEBL","departure","weekend",0.01496,0.0046,0.00345,0.00345,0.00345,0.0023,0.05524,0.04603,0.04028,0.06444,0.06904,0.05754,0.06674,0.05524,0.06099,0.06099,0.06099,0.05754,0.05754,0.04488,0.06444,0.05063,0.04373,0.01151
"LEBL","departure","weekday",0.00965009650096501,0.002810028100281,0.004820048200482,0.004020040200402,0.00523005230052301,0.004020040200402,0.048630486304863,0.0635006350063501,0.045020450204502,0.0655106551065511,0.0602906029060291,0.0530505305053051,0.0639106391063911,0.055470554705547,0.0598905989059891,0.0606906069060691,0.0534605346053461,0.0542605426054261,0.0582805828058281,0.0570705707057071,0.0691306913069131,0.04220042200422,0.038180381803818,0.02090020900209
"LEBZ","arrival","weekend",0,0,0,0,0,0,0,0,0,0,0,0,0,0.222222222222222,0.111111111111111,0,0,0,0.111111111111111,0.222222222222222,0.111111111111111,0.111111111111111,0.111111111111111,0
"LEBZ","arrival","weekday",0,0,0,0,0,0,0,0,0,0.0555594444055559,0.027779722202778,0,0,0.027779722202778,0.111108888911111,0.166668333316667,0,0.166668333316667,0.027779722202778,0.138888611113889,0.0833291667083329,0.194438055619444,0,0
"LEBZ","departure","weekend",0.1,0,0,0,0,0,0,0,0.2,0,0,0,0,0.1,0,0.2,0,0.2,0.2,0,0,0,0,0
"LEBZ","departure","weekday",0,0,0,0,0,0,0,0,0.294122941229412,0.0588205882058821,0.029410294102941,0.029410294102941,0,0,0,0.176471764717647,0.0882408824088241,0.0588205882058821,0.205882058820588,0.0588205882058821,0,0,0,0
"LECO","arrival","weekend",0,0,0,0,0,0,0,0,0.08108,0,0.08108,0.05405,0.08108,0.02703,0.08108,0.02703,0.05405,0.02703,0.05405,0.08108,0.10811,0.10811,0.10811,0.02703
"LECO","arrival","weekday",0.0202704054081082,0.00676013520270405,0,0,0,0,0,0,0.0405408108162163,0.0405408108162163,0.114862297245945,0.0135102702054041,0.135142702854057,0.0405408108162163,0.114862297245945,0.0608112162243245,0.0202704054081082,0.0337806756135123,0.0473009460189204,0.0743214864297286,0.0743214864297286,0.0540510810216204,0.101352027040541,0.00676013520270405
"LECO","departure","weekend",0,0,0,0,0,0,0.0285708571257138,0.0285708571257138,0.0285708571257138,0.171435143054292,0.0571417142514275,0.114293428802864,0,0.0857125713771413,0.0571417142514275,0.0285708571257138,0.0571417142514275,0.0285708571257138,0.0571417142514275,0.0571417142514275,0.0857125713771413,0.0857125713771413,0.0285708571257138,0
"LECO","departure","weekday",0,0,0,0,0,0,0.0608106081060811,0.040540405404054,0.040540405404054,0.141891418914189,0.020270202702027,0.0878408784087841,0.0473004730047301,0.128381283812838,0.033780337803378,0.0540505405054051,0.0608106081060811,0.0540505405054051,0.0473004730047301,0.027030270302703,0.0945909459094591,0.013510135101351,0.040540405404054,0.00676006760067601
"LECU","arrival","weekend",0,0,0,0,0,0,0,0,0,0.01351,0.08784,0.14865,0.10811,0.10811,0.13514,0.06081,0.07432,0.02703,0.06081,0.05405,0.07432,0.0473,0,0
"LECU","arrival","weekday",0,0,0,0,0,0,0,0,0.00389007780155603,0.0214004280085602,0.130352607052141,0.0603112062241245,0.103112062241245,0.0700414008280166,0.120622412448249,0.0466909338186764,0.0505810116202324,0.0642012840256805,0.0778215564311286,0.0817116342326847,0.0972819456389128,0.0719814396287926,0,0
"LECU","departure","weekend",0,0,0,0,0,0,0,0,0,0.182431824318243,0.121621216212162,0.162161621616216,0.114861148611486,0.108111081110811,0.027030270302703,0.04730047300473,0.033780337803378,0.0675706757067571,0.040540405404054,0.0540505405054051,0.040540405404054,0,0,0
"LECU","departure","weekday",0,0,0,0,0,0,0,0.00781,0.01367,0.17773,0.06641,0.10156,0.06445,0.10156,0.04102,0.05664,0.07227,0.0625,0.10742,0.07813,0.04492,0.00391,0,0
"LEGE","arrival","weekend",0,0.00641025641025641,0.0128205128205128,0.00641025641025641,0.00641025641025641,0,0,0.0320512820512821,0.0256410256410256,0.0448717948717949,0.0384615384615385,0.0641025641025641,0.0961538461538462,0.0384615384615385,0.0512820512820513,0.0320512820512821,0.0833333333333333,0.0576923076923077,0.0576923076923077,0.0576923076923077,0.0320512820512821,0.102564102564103,0.0833333333333333,0.0705128205128205
"LEGE","arrival","weekday",0,0,0,0,0,0,0.002520025200252,0.037780377803778,0.025190251902519,0.0629706297062971,0.047860478604786,0.045340453404534,0.0831208312083121,0.0629706297062971,0.0503805038050381,0.045340453404534,0.0730507305073051,0.0831208312083121,0.0654906549065491,0.037780377803778,0.032750327503275,0.0982409824098241,0.0856408564085641,0.0604506045060451
"LEGE","departure","weekend",0.019110191101911,0,0.00637006370063701,0.012740127401274,0.00637006370063701,0.00637006370063701,0.0764307643076431,0.025480254802548,0.0636906369063691,0.012740127401274,0.0828008280082801,0.044590445904459,0.0573205732057321,0.0764307643076431,0.044590445904459,0.0573205732057321,0.038220382203822,0.0636906369063691,0.038220382203822,0.0764307643076431,0.038220382203822,0.0573205732057321,0.0700607006070061,0.025480254802548
"LEGE","departure","weekday",0,0,0,0,0,0,0.0806008060080601,0.015110151101511,0.0654906549065491,0.0503805038050381,0.0881608816088161,0.0629706297062971,0.037780377803778,0.0629706297062971,0.0806008060080601,0.0529005290052901,0.0529005290052901,0.0554205542055421,0.0755707557075571,0.0579305793057931,0.017630176301763,0.0529005290052901,0.0730507305073051,0.017630176301763
"LEGR","arrival","weekend",0,0,0,0,0,0,0,0.037039629603704,0.0740692593074069,0.0740692593074069,0.0555594444055559,0.0555594444055559,0.0925890741092589,0.0555594444055559,0.0925890741092589,0.018519814801852,0.037039629603704,0.0925890741092589,0.0555594444055559,0.037039629603704,0.0555594444055559,0.0740692593074069,0.0925890741092589,0
"LEGR","arrival","weekday",0,0,0,0,0,0,0,0.032,0.072,0.064,0.032,0.112,0.096,0.04,0.056,0.024,0.04,0.056,0.072,0.112,0.032,0.072,0.08,0.008
"LEGR","departure","weekend",0,0,0,0,0,0,0,0.018520185201852,0.0925909259092591,0.0925909259092591,0.0740707407074071,0.0740707407074071,0.0555605556055561,0.0555605556055561,0.018520185201852,0.0740707407074071,0.0740707407074071,0.0740707407074071,0.037040370403704,0.037040370403704,0.0740707407074071,0.018520185201852,0.0925909259092591,0.037040370403704
"LEGR","departure","weekday",0.008,0,0,0,0,0,0,0.04,0.072,0.056,0.056,0.064,0.112,0.064,0.024,0.08,0.04,0.048,0.064,0.064,0.08,0.016,0.096,0.016
"LEHC","arrival","weekend",0,0,0,0,0,0,0,0,0,0,0.125,0,0.1875,0.21875,0.03125,0.09375,0.09375,0.09375,0.15625,0,0,0,0,0
"LEHC","arrival","weekday",0,0,0,0,0,0,0,0,0,0,0.142861428614286,0,0.133331333313333,0.0761907619076191,0.133331333313333,0.0571405714057141,0.247622476224762,0,0.20000200002,0.00952009520095201,0,0,0,0
"LEHC","departure","weekend",0,0,0,0,0,0,0,0,0.129031290312903,0.258062580625806,0,0.0645206452064521,0.0967709677096771,0.193551935519355,0.032260322603226,0.129031290312903,0.0967709677096771,0,0,0,0,0,0,0
"LEHC","departure","weekday",0,0,0,0,0,0,0,0,0.07407,0.23148,0.03704,0.12037,0.02778,0.10185,0.0463,0.12963,0.00926,0.21296,0.00926,0,0,0,0,0
"LEIB","arrival","weekend",0.0433691326173477,0.0433691326173477,0.0408191836163277,0.0178596428071439,0.0127597448051039,0.0153096938061239,0.0178596428071439,0.0306093878122438,0.0382692346153077,0.0586688266234675,0.0484690306193876,0.0331593368132637,0.0765284694306114,0.0459190816183676,0.0382692346153077,0.0586688266234675,0.0433691326173477,0.0510189796204076,0.0561188776224476,0.0535689286214276,0.0382692346153077,0.0612187756244875,0.0459190816183676,0.0306093878122438
"LEIB","arrival","weekday",0.0247295054098918,0.0509989800203996,0.0123597528049439,0.00154996900061999,0.00154996900061999,0.0216395672086558,0.0108197836043279,0.0293694126117478,0.0417291654166917,0.0463690726185476,0.0788284234315314,0.0710985780284394,0.0633687326253475,0.0726385472290554,0.0710985780284394,0.0355492890142197,0.0602787944241115,0.0339993200135997,0.0494590108197836,0.0401891962160757,0.0556388872222556,0.0448191036179276,0.0494590108197836,0.0324593508129837
"LEIB","departure","weekend",0.027160271602716,0.041980419804198,0.029630296302963,0.022220222202222,0.024690246902469,0.00988009880098801,0.037040370403704,0.027160271602716,0.034570345703457,0.046910469104691,0.0617306173061731,0.0666706667066671,0.044440444404444,0.0543205432054321,0.037040370403704,0.041980419804198,0.044440444404444,0.044440444404444,0.0592605926059261,0.0518505185051851,0.0543205432054321,0.044440444404444,0.049380493804938,0.044440444404444
"LEIB","departure","weekday",0.0190794276171715,0.0317990460286191,0.0254392368228953,0.00953971380858574,0.00158995230143096,0.0174894753157405,0.0445186644400668,0.0174894753157405,0.0349789506314811,0.0445186644400668,0.0667679969600912,0.0715378538643841,0.0937971860844175,0.0635880923572293,0.0540483785486435,0.0604081877543674,0.0619981400557983,0.0333889983300501,0.0572282831515055,0.038158855234343,0.0445186644400668,0.0317990460286191,0.036568902932912,0.0397488075357739
"LEJR","arrival","weekend",0.0161296774064519,0,0,0,0,0,0,0,0.0322593548129037,0.0322593548129037,0.0322593548129037,0.0161296774064519,0.0645187096258075,0.0645187096258075,0.0161296774064519,0.112897742045159,0.145157096858063,0.145157096858063,0.0806483870322594,0.0806483870322594,0.112897742045159,0.0161296774064519,0.0322593548129037,0
"LEJR","arrival","weekday",0,0,0,0,0,0,0,0.0176,0.02933,0.07331,0.06452,0.06158,0.09677,0.10557,0.06158,0.06452,0.09384,0.09091,0.06452,0.06158,0.05279,0.01466,0.04692,0
"LEJR","departure","weekend",0,0,0,0,0,0,0,0.0307709231276938,0,0.107693230796924,0.0153804614138424,0.0769223076692301,0.0769223076692301,0.0307709231276938,0.138464153924618,0.169235077052312,0.0153804614138424,0.0307709231276938,0.138464153924618,0.0461513845415362,0.0769223076692301,0.0307709231276938,0.0153804614138424,0
"LEJR","departure","weekday",0,0,0,0,0,0,0,0.0147494100235991,0.0766969321227151,0.0884964601415943,0.061947522099116,0.0707971681132755,0.0796468141274349,0.100285988560458,0.0914463421463141,0.0884964601415943,0.0560477580896764,0.0383484660613575,0.0855465781368745,0.0501479940802368,0.0501479940802368,0.0353985840566377,0.0117995280188792,0
"LELC","arrival","weekend",0,0,0,0,0,0,0,0,0,0.06667,0.04,0.09333,0.06667,0.04,0.09333,0.06667,0.08,0.05333,0.12,0.06667,0.13333,0.05333,0.02667,0
"LELC","arrival","weekday",0,0,0,0,0,0,0,0,0.0132497350052999,0,0.0132497350052999,0.0198696026079478,0.00661986760264795,0.0198696026079478,0.0264894702105958,0.145697086058279,0.0529789404211916,0.119207615847683,0.132447351052979,0.112577748445031,0.185426291474171,0.0728485430291394,0.0794684106317874,0
"LELC","departure","weekend",0,0,0,0,0,0,0,0,0.0394707894157883,0.0131602632052641,0.118422368447369,0.0394707894157883,0.0921118422368447,0.0526310526210524,0,0.105262105242105,0.0394707894157883,0.105262105242105,0.0657913158263165,0.105262105242105,0.0657913158263165,0.118422368447369,0.0394707894157883,0
"LELC","departure","weekday",0,0,0,0,0,0,0,0.046980469804698,0.026850268502685,0,0,0.020130201302013,0.00671006710067101,0.00671006710067101,0.020130201302013,0.107381073810738,0.0939609396093961,0.0872508725087251,0.120811208112081,0.147651476514765,0.0872508725087251,0.147651476514765,0.0671106711067111,0.013420134201342
"LELL","arrival","weekend",0,0,0,0,0,0,0,0,0,0.025,0.08125,0.08125,0.16875,0.0875,0.04375,0.0375,0.075,0.10625,0.0875,0.1,0.08125,0.025,0,0
"LELL","arrival","weekday",0,0,0.002490024900249,0,0,0,0,0,0.012470124701247,0.042390423904239,0.0847908479084791,0.0648406484064841,0.0748107481074811,0.0847908479084791,0.0623406234062341,0.0623406234062341,0.0922709227092271,0.102241022410224,0.129681296812968,0.0673306733067331,0.107231072310723,0.00998009980099801,0,0
"LELL","departure","weekend",0,0,0,0,0,0,0,0,0.031249687503125,0.1249987500125,0.156248437515625,0.156248437515625,0.1249987500125,0.0703092969070309,0.0781292187078129,0.0468795312046879,0.0546894531054689,0.031249687503125,0.0859391406085939,0.023439765602344,0.00780992190078099,0.00780992190078099,0,0
"LELL","departure","weekday",0,0,0.00277991660250192,0,0,0,0,0.00277991660250192,0.0472185834424967,0.0944371668849934,0.0555583332500025,0.102776916692499,0.0805575832725018,0.0666679999600012,0.0805575832725018,0.102776916692499,0.0583282501524954,0.127776166714999,0.0666679999600012,0.0805575832725018,0.0249992500224993,0.00555983320500385,0,0
"LELN","arrival","weekend",0,0,0,0,0,0,0,0.0588211764235285,0,0,0,0.0588211764235285,0.176473529470589,0.0588211764235285,0.117652353047061,0.117652353047061,0,0.0588211764235285,0.0588211764235285,0.0588211764235285,0,0.0588211764235285,0.117652353047061,0.0588211764235285
"LELN","arrival","weekday",0.0172403448068961,0.0172403448068961,0,0,0,0,0,0,0,0.0344806896137923,0.172413448268965,0.0172403448068961,0.0344806896137923,0.0344806896137923,0.189663793275866,0.0172403448068961,0.0344806896137923,0.0689713794275886,0.0689713794275886,0.0517210344206884,0,0.172413448268965,0.0517210344206884,0.0172403448068961
"LELN","departure","weekend",0,0,0,0,0,0,0,0.235294705894118,0,0,0.0588211764235285,0.235294705894118,0.117652353047061,0,0,0.235294705894118,0,0,0.0588211764235285,0.0588211764235285,0,0,0,0
"LELN","departure","weekday",0,0.017240172401724,0,0,0,0,0,0.20690206902069,0.017240172401724,0.034480344803448,0.120691206912069,0.137931379313793,0.0689706897068971,0,0,0.155171551715517,0.017240172401724,0.137931379313793,0.0517205172051721,0.017240172401724,0,0,0.017240172401724,0
"LEMD","arrival","weekend",0.01259,0.00924,0.00756,0.00588,0.00168,0.00588,0.01427,0.03023,0.04366,0.05793,0.07641,0.04786,0.06213,0.06213,0.06465,0.06465,0.05038,0.04786,0.06045,0.05458,0.0487,0.05709,0.06969,0.0445
"LEMD","arrival","weekday",0.0202006060181805,0.00711021330639919,0.00569017070512115,0.00199005970179105,0.00199005970179105,0.00569017070512115,0.0150804524135724,0.0392711781353441,0.0549216476494295,0.0600518015540466,0.0677320319609588,0.0560616818504555,0.0591917757532726,0.0560616818504555,0.0569217076512295,0.0580517415522466,0.0506515195455864,0.0549216476494295,0.0574817244517336,0.0583417502525076,0.0563516905507165,0.0617518525555767,0.0591917757532726,0.035291058731762
"LEMD","departure","weekend",0.0109196724098277,0.00587982360529184,0.00335989920302391,0.00419987400377989,0.00419987400377989,0.00503984880453586,0.0235092947211584,0.0495385138445847,0.0537383878483646,0.0680079597612072,0.0528984130476086,0.0562583122506325,0.0772476825695229,0.073047808565743,0.0596082117536474,0.0486985390438287,0.0847974560763177,0.0629681109566713,0.0512184634460966,0.0545783626491205,0.0596082117536474,0.036938891833245,0.0251892443226703,0.0285491435256942
"LEMD","departure","weekday",0.00938990610093899,0.00796992030079699,0.002559974400256,0.00654993450065499,0.002559974400256,0.00369996300037,0.030169698303017,0.0660393396066039,0.0574994250057499,0.0620593794062059,0.0572194278057219,0.045829541704583,0.0725892741072589,0.0623393766062339,0.0518094819051809,0.0486795132048679,0.0768592314076859,0.0609193908060919,0.0583494165058349,0.0518094819051809,0.0631893681063189,0.044689553104469,0.032449675503245,0.024769752302477
"LEMG","arrival","weekend",0.027480274802748,0.016910169101691,0.010570105701057,0.002110021100211,0,0,0.00634006340063401,0.012680126801268,0.031710317103171,0.0845708457084571,0.0761107611076111,0.0718807188071881,0.0718807188071881,0.048630486304863,0.048630486304863,0.040170401704017,0.0592005920059201,0.0549705497054971,0.0528505285052851,0.0592005920059201,0.0761107611076111,0.0655406554065541,0.046510465104651,0.035940359403594
"LEMG","arrival","weekday",0.0145797084058319,0.0124997500049999,0.0104197916041679,0.00416991660166797,0.00207995840083198,0,0.00832983340333193,0.00832983340333193,0.0374992500149997,0.0552088958220836,0.0781284374312514,0.0968780624387512,0.0760384792304154,0.0572888542229155,0.0677086458270835,0.0593788124237515,0.0531289374212516,0.0333293334133317,0.0489590208195836,0.0739585208295834,0.0708285834283314,0.0531289374212516,0.0437491250174997,0.0343793124137517
"LEMG","departure","weekend",0.0189903798075962,0.0126602532050641,0.00844016880337607,0.00844016880337607,0.00211004220084402,0,0.00633012660253205,0.0506310126202524,0.0168803376067521,0.0443008860177204,0.0759515190303806,0.0801716034320687,0.0717314346286926,0.0780615612312246,0.0527410548210964,0.0421908438168763,0.0506310126202524,0.0611812236244725,0.0485209704194084,0.0443008860177204,0.0696213924278486,0.0632912658253165,0.0569611392227845,0.0358607172143443
"LEMG","departure","weekday",0.015589844101559,0.004159958400416,0.00727992720072799,0.00519994800051999,0.002079979200208,0.002079979200208,0.00623993760062399,0.047819521804782,0.032219677803222,0.0561294387056129,0.0540494595054049,0.0758792412075879,0.107068929310707,0.0727692723072769,0.0592494075059249,0.0675693243067569,0.0488595114048859,0.0623693763062369,0.028069719302807,0.0540494595054049,0.0613293867061329,0.0582094179058209,0.045739542604574,0.025989740102599
"LEMH","arrival","weekend",0.00588,0.00588,0,0,0,0,0,0.08235,0.09412,0.05294,0.07059,0.07059,0.05294,0.04118,0.05882,0.04706,0.05294,0.05882,0.05882,0.04706,0.06471,0.06471,0.04706,0.02353
"LEMH","arrival","weekday",0.00871991280087199,0.00580994190058099,0,0,0,0,0,0.0697693023069769,0.0755792442075579,0.0552294477055229,0.0581394186058139,0.0784892151078489,0.0494195058049419,0.031979680203198,0.0523294767052329,0.034879651203488,0.0959290407095929,0.0668593314066859,0.0523294767052329,0.034879651203488,0.0523294767052329,0.0813991860081399,0.0784892151078489,0.017439825601744
"LEMH","departure","weekend",0.01765,0,0,0,0,0,0,0.05294,0.05882,0.07059,0.06471,0.08235,0.04118,0.07059,0.02941,0.07059,0.04118,0.05882,0.07059,0.07647,0.05294,0.03529,0.07059,0.03529
"LEMH","departure","weekday",0.01719,0.00573,0.00287,0,0,0,0,0.06877,0.04011,0.0659,0.08309,0.04871,0.0745,0.04871,0.03438,0.0659,0.04298,0.08883,0.05731,0.04871,0.04011,0.04585,0.06877,0.05158
"LEPA","arrival","weekend",0.01979980200198,0.01649983500165,0.00989990100098999,0.00329996700033,0.00879991200087999,0.00659993400065999,0.01869981300187,0.04289957100429,0.0704092959070409,0.0583094169058309,0.0494995050049499,0.0528094719052809,0.0594094059059409,0.0528094719052809,0.0704092959070409,0.0594094059059409,0.03519964800352,0.03959960400396,0.0605093949060509,0.0583094169058309,0.0660093399066009,0.0638093619063809,0.04069959300407,0.03629963700363
"LEPA","arrival","weekday",0.0196903938078762,0.0101202024040481,0.00731014620292406,0.00787015740314806,0.00787015740314806,0.00731014620292406,0.0146202924058481,0.0427408548170963,0.0854917098341967,0.0646812936258725,0.0517410348206964,0.0489309786195724,0.0438708774175484,0.0798715974319486,0.0635512710254205,0.0466809336186724,0.0343106862137243,0.0421808436168723,0.0579311586231725,0.0731214624292486,0.0669313386267725,0.0489309786195724,0.0354307086141723,0.0388107762155243
"LEPA","departure","weekend",0.01313,0.00875,0.00766,0.00547,0.00547,0.01204,0.02516,0.04923,0.06346,0.05689,0.07002,0.04814,0.04705,0.05689,0.04595,0.06127,0.07987,0.04158,0.04486,0.04814,0.05799,0.06783,0.05252,0.03063
"LEPA","departure","weekday",0.01525,0.00791,0.00565,0.00395,0.00565,0.0096,0.02712,0.04407,0.05593,0.08136,0.06215,0.05989,0.04859,0.04972,0.06102,0.08757,0.04746,0.0322,0.02655,0.05876,0.06949,0.07288,0.04407,0.02316
"LEPP","arrival","weekend",0,0,0,0,0,0,0,0.024390243902439,0,0.0487804878048781,0.195121951219512,0.0975609756097561,0.0731707317073171,0.0487804878048781,0.0731707317073171,0.0975609756097561,0.121951219512195,0.0975609756097561,0,0.024390243902439,0.024390243902439,0,0.0487804878048781,0.024390243902439
"LEPP","arrival","weekday",0,0,0,0,0,0,0,0.008,0.032,0,0.152,0.104,0.032,0.048,0.08,0.032,0.12,0.088,0.064,0.08,0.04,0.032,0.04,0.048
"LEPP","departure","weekend",0,0,0,0,0,0,0.0232593022209334,0.0465086047418578,0.0232593022209334,0,0.139525814225573,0.18604441866744,0.0465086047418578,0.0697679069627911,0.0697679069627911,0.0232593022209334,0.0697679069627911,0.18604441866744,0.0697679069627911,0.0232593022209334,0,0.0232593022209334,0,0
"LEPP","departure","weekday",0,0,0,0,0,0,0.041320413204132,0.024790247902479,0.041320413204132,0,0.0661206612066121,0.11570115701157,0.123971239712397,0.033060330603306,0.0743807438074381,0.041320413204132,0.0578505785057851,0.0991709917099171,0.0909109091090911,0.0578505785057851,0.041320413204132,0.0495904959049591,0.033060330603306,0.00826008260082601
"LERJ","arrival","weekend",0,0,0,0,0,0,0,0,0,0.05,0.1,0.25,0.15,0.1,0.1,0,0,0,0.05,0.1,0.1,0,0,0
"LERJ","arrival","weekday",0,0,0,0,0,0,0,0.0312490625281242,0.0312490625281242,0,0.109376718698439,0.0937471875843725,0.187494375168745,0.0937471875843725,0.0781276561703149,0.0312490625281242,0,0.0156295311140666,0,0.0781276561703149,0.109376718698439,0.140625781226563,0,0
"LERJ","departure","weekend",0,0,0,0,0,0,0,0,0,0.0476190476190476,0.19047619047619,0.19047619047619,0.19047619047619,0.0476190476190476,0.0476190476190476,0.0952380952380952,0,0,0.0952380952380952,0.0476190476190476,0.0476190476190476,0,0,0
"LERJ","departure","weekday",0,0,0,0,0,0,0,0.0806483870322594,0.0967680646387072,0,0.0161296774064519,0.0967680646387072,0.129027419451611,0.112897742045159,0.0483890322193556,0.0806483870322594,0.0483890322193556,0.0645187096258075,0.0483890322193556,0.0322593548129037,0.0645187096258075,0.0806483870322594,0,0
"LERS","arrival","weekend",0,0,0,0,0,0,0,0,0.0102,0.05102,0.10204,0.08163,0.14286,0.09184,0.10204,0.10204,0.04082,0.05102,0.06122,0.05102,0.04082,0.05102,0.02041,0
"LERS","arrival","weekday",0,0,0.00701985960280794,0.00350992980140397,0,0,0,0.00701985960280794,0.0210495790084198,0.112277754444911,0.0947381052378953,0.0701785964280714,0.112277754444911,0.0771884562308754,0.0806983860322794,0.0561388772224556,0.0666686666266675,0.0526289474210516,0.0596488070238595,0.0912281754364913,0.0315793684126317,0.0350892982140357,0.0140397192056159,0.00701985960280794
"LERS","departure","weekend",0,0,0,0,0,0,0,0,0.01031,0.03093,0.07216,0.16495,0.09278,0.07216,0.05155,0.1134,0.10309,0.05155,0.10309,0.04124,0.01031,0.02062,0.05155,0.01031
"LERS","departure","weekday",0.00701985960280794,0,0,0.00701985960280794,0.00701985960280794,0,0,0.00350992980140397,0.0491190176196476,0.0701785964280714,0.0666686666266675,0.0982480350392992,0.0982480350392992,0.0877182456350873,0.0912281754364913,0.0526289474210516,0.0491190176196476,0.112277754444911,0.0596488070238595,0.0736785264294714,0.0210495790084198,0.0140397192056159,0.0315793684126317,0
"LESA","arrival","weekend",0,0,0,0,0,0,0,0,0,0,0.136362727254545,0.0909118182363647,0.0454509090181804,0.0909118182363647,0.0454509090181804,0.0909118182363647,0,0.136362727254545,0.181823636472729,0.0909118182363647,0.0454509090181804,0,0,0.0454509090181804
"LESA","arrival","weekday",0,0,0,0,0,0,0,0,0.00571,0.01143,0.10857,0.09714,0.12,0.11429,0.07429,0.04,0.07429,0.10857,0.10857,0.10857,0.02286,0,0.00571,0
"LESA","departure","weekend",0,0,0,0,0,0,0,0,0,0.0454513635409062,0.0909127273818215,0.0454513635409062,0.0454513635409062,0.0909127273818215,0.0454513635409062,0.0909127273818215,0.136364090922728,0.0909127273818215,0.136364090922728,0.0454513635409062,0.0909127273818215,0,0,0.0454513635409062
"LESA","departure","weekday",0,0,0,0,0,0,0,0.00561988760224796,0.0449391012179756,0.151686966260675,0.123597528049439,0.117977640447191,0.0786484270314594,0.0337093258134837,0.00561988760224796,0.129207415851683,0.0842683146337073,0.0617987640247195,0.0898882022359553,0.0393292134157317,0.0280894382112358,0,0.00561988760224796,0
"LESO","arrival","weekend",0,0,0,0,0,0,0,0.02703,0,0,0.08108,0,0.10811,0.18919,0.02703,0.16216,0.10811,0.05405,0.13514,0,0.05405,0.05405,0,0
"LESO","arrival","weekday",0,0,0,0,0,0,0,0.023079769202308,0.015379846201538,0.015379846201538,0.0923090769092309,0.0692293077069229,0.0615393846061539,0.0846191538084619,0.0846191538084619,0.015379846201538,0.0923090769092309,0.0769192308076919,0.153848461515385,0.0538494615053849,0.030769692303077,0.130768692313077,0,0
"LESO","departure","weekend",0,0,0,0,0,0,0,0.09375,0.03125,0.03125,0.09375,0.0625,0.0625,0.03125,0.09375,0.0625,0.125,0.0625,0.15625,0.0625,0,0.03125,0,0
"LESO","departure","weekday",0,0,0,0,0,0,0,0.08397,0.0458,0.00763,0.0687,0.08397,0.05344,0.0687,0.12214,0.05344,0.08397,0.07634,0.1145,0.0458,0.03053,0.03817,0.00763,0.01527
"LEST","arrival","weekend",0.014929402823887,0,0,0,0,0,0,0.014929402823887,0.0746270149194032,0.0298488060477581,0.0447782088716451,0.134324627014919,0.0298488060477581,0.0895464181432743,0.014929402823887,0.0447782088716451,0.0746270149194032,0.0447782088716451,0.0895464181432743,0.0298488060477581,0.0447782088716451,0.104475820967161,0.0447782088716451,0.0746270149194032
"LEST","arrival","weekday",0.025909740902591,0,0,0,0,0,0,0,0.108808911910881,0.031089689103109,0.041449585504145,0.13989860101399,0.0828991710082899,0.036269637303627,0.0569894301056989,0.020729792702073,0.0777192228077719,0.0828991710082899,0.025909740902591,0.0777192228077719,0.0621793782062179,0.0880791192088079,0.025909740902591,0.015539844601554
"LEST","departure","weekend",0.04412,0,0,0,0,0,0,0.02941,0.05882,0.05882,0.02941,0.07353,0.11765,0.04412,0.05882,0.04412,0.05882,0.04412,0.07353,0.07353,0.04412,0.04412,0.05882,0.04412
"LEST","departure","weekday",0.00523989520209596,0,0,0,0,0,0.0209395812083758,0.0261794764104718,0.00523989520209596,0.125647487050259,0.0471190576188476,0.0994780104397912,0.0628287434251315,0.0942381152376953,0.0732985340293194,0.0209395812083758,0.0261794764104718,0.0942381152376953,0.0523589528209436,0.0575888482230355,0.0994780104397912,0.0575888482230355,0.0157096858062839,0.0157096858062839
"LETO","arrival","weekend",0.025,0,0,0,0,0,0,0.025,0,0.025,0.025,0.1,0.075,0,0.05,0.025,0.025,0.125,0.075,0.1,0.075,0.15,0.025,0.075
"LETO","arrival","weekday",0,0,0,0,0,0,0.00780976570702879,0.0156295311140666,0.00780976570702879,0.0234392968210954,0.0703078907632771,0.0624981250562483,0.0546883593492195,0.101556953291401,0.0624981250562483,0.0624981250562483,0.0781276561703149,0.0468785936421907,0.109376718698439,0.0468785936421907,0.0703078907632771,0.0781276561703149,0.0781276561703149,0.0234392968210954
"LETO","departure","weekend",0,0,0,0,0,0,0.08,0.08,0,0.08,0.12,0.16,0.12,0.04,0,0.04,0.04,0.04,0.04,0.04,0.04,0,0,0.08
"LETO","departure","weekday",0,0.00751992480075199,0,0,0,0,0.015039849601504,0.0827091729082709,0.0601493985060149,0.0676693233067669,0.0601493985060149,0.0676693233067669,0.0526294737052629,0.0977390226097739,0.045109548904511,0.022559774402256,0.112778872211278,0.045109548904511,0.0751892481075189,0.0827091729082709,0.022559774402256,0.0526294737052629,0.015039849601504,0.015039849601504
"LEVC","arrival","weekend",0.02397,0.01027,0.00685,0,0,0,0,0.00685,0.0137,0.06164,0.04795,0.0411,0.07534,0.08562,0.10274,0.07192,0.03767,0.06164,0.07877,0.05479,0.05822,0.07192,0.05822,0.03082
"LEVC","arrival","weekday",0.0216,0.00508,0.00127,0,0.00508,0.00381,0.01017,0.0216,0.04066,0.05591,0.06989,0.06099,0.05845,0.0737,0.07116,0.0737,0.0216,0.08259,0.0648,0.05337,0.06099,0.04828,0.05845,0.03685
"LEVC","departure","weekend",0,0.00342013680547222,0,0,0,0.00342013680547222,0.0205508220328813,0.0547921916876675,0.0616424656986279,0.0547921916876675,0.0890435617424697,0.0753430137205488,0.0684927397095884,0.0445217808712348,0.0821932877315093,0.0684927397095884,0.0582223288931557,0.0616424656986279,0.0684927397095884,0.0547921916876675,0.0376715068602744,0.030821232849314,0.0411016440657626,0.0205508220328813
"LEVC","departure","weekday",0.00253,0.00253,0.00126,0,0.00126,0.00126,0.04167,0.07828,0.04798,0.05429,0.06692,0.06566,0.05934,0.06061,0.07323,0.06944,0.06818,0.0404,0.07702,0.05556,0.06061,0.03914,0.02778,0.00505
"LEVD","arrival","weekend",0,0,0,0,0,0,0,0,0,0,0.19047619047619,0.0952380952380952,0.0714285714285714,0.0952380952380952,0.19047619047619,0.0238095238095238,0.0714285714285714,0,0.0714285714285714,0.0476190476190476,0.0952380952380952,0,0.0476190476190476,0
"LEVD","arrival","weekday",0,0,0,0,0,0,0,0,0.02189978100219,0.02919970800292,0.102188978110219,0.131388686113139,0.0729892701072989,0.0875891241087589,0.109488905110949,0.0802891971080289,0.0802891971080289,0.02919970800292,0.0802891971080289,0.0729892701072989,0.03649963500365,0.02189978100219,0.03649963500365,0.00729992700072999
"LEVD","departure","weekend",0,0,0,0,0,0,0,0.108696739097827,0,0,0.108696739097827,0.19564413067608,0.108696739097827,0.0434786956391308,0.0869573912782616,0.0869573912782616,0.0652180434586962,0.0217393478195654,0,0.0869573912782616,0.0869573912782616,0,0,0
"LEVD","departure","weekday",0,0,0,0,0,0,0,0.08209,0.02985,0.01493,0.10448,0.10448,0.1194,0.08955,0.11194,0.06716,0.04478,0.05224,0.02985,0.07463,0.0597,0.00746,0.00746,0
"LEVT","arrival","weekend",0,0,0,0,0.0526315789473684,0,0.0526315789473684,0.0526315789473684,0.0526315789473684,0,0.0526315789473684,0.105263157894737,0.0526315789473684,0.157894736842105,0.0526315789473684,0,0.0526315789473684,0,0,0.105263157894737,0.0526315789473684,0.105263157894737,0,0.0526315789473684
"LEVT","arrival","weekday",0.0410987670369889,0.0273991780246593,0.00684979450616482,0.0136995890123296,0.0890373288801336,0.0616381508554743,0,0.0205493835184944,0.0958871233862984,0.0136995890123296,0.0273991780246593,0.0136995890123296,0.0273991780246593,0.0410987670369889,0,0.0136995890123296,0.0205493835184944,0.0273991780246593,0.0547883563493095,0.0342489725308241,0.109586712398628,0.232873013809586,0.0205493835184944,0.00684979450616482
"LEVT","departure","weekend",0,0,0,0,0,0,0,0.11765,0.05882,0,0.11765,0.11765,0.17647,0.05882,0,0.05882,0,0,0.11765,0,0.05882,0,0.11765,0
"LEVT","departure","weekday",0.013330133301333,0.013330133301333,0.040000400004,0.013330133301333,0,0.013330133301333,0.0733307333073331,0.180001800018,0.040000400004,0.026670266702667,0,0.033330333303333,0.033330333303333,0.026670266702667,0.040000400004,0.00667006670066701,0.040000400004,0.040000400004,0.020000200002,0.0600006000060001,0.0733307333073331,0.040000400004,0.00667006670066701,0.166671666716667
"LEVX","arrival","weekend",0,0,0,0,0,0,0,0,0,0.0198005940178205,0.0891126733802014,0.108913267398022,0.0891126733802014,0.237627128813864,0.118813564406932,0.0495014850445513,0.0198005940178205,0.0495014850445513,0.0594117823534706,0.0396011880356411,0.0495014850445513,0.0297008910267308,0.0396011880356411,0
"LEVX","arrival","weekday",0.0135704071122134,0.00452013560406812,0,0,0,0,0.00452013560406812,0.0181005430162905,0.036201086032581,0.0135704071122134,0.0633519005570167,0.0769223076692301,0.0497714931447943,0.0995529865895977,0.0678720361610848,0.036201086032581,0.0905027150814524,0.0995529865895977,0.0543016290488715,0.0497714931447943,0.0859725791773753,0.0905027150814524,0.0316709501285038,0.0135704071122134
"LEVX","departure","weekend",0,0,0,0,0,0,0.026790267902679,0,0,0.035710357103571,0.0535705357053571,0.044640446404464,0.18750187501875,0.107141071410714,0.0982109821098211,0.017860178601786,0.035710357103571,0.18750187501875,0.0982109821098211,0.044640446404464,0.017860178601786,0.026790267902679,0.017860178601786,0
"LEVX","departure","weekday",0,0,0,0,0,0,0.0452290954180916,0.0200995980080398,0.00502989940201196,0.0602987940241195,0.0301493970120598,0.110547789044219,0.0753784924301514,0.0351792964140717,0.0502489950200996,0.0452290954180916,0.0803983920321594,0.0904481910361793,0.0904481910361793,0.0552788944221116,0.0904481910361793,0.0653286934261315,0.0351792964140717,0.0150796984060319
"LEXJ","arrival","weekend",0,0,0,0,0,0,0,0,0,0,0.0740707407074071,0.0925909259092591,0.0555605556055561,0.111111111111111,0.0925909259092591,0.0555605556055561,0.0740707407074071,0.0925909259092591,0.129631296312963,0.111111111111111,0,0.0740707407074071,0.037040370403704,0
"LEXJ","arrival","weekday",0,0,0.00564983050508485,0,0,0,0,0.0112996610101697,0.0395488135355939,0.0282491525254242,0.0847474575762727,0.0395488135355939,0.129936101916942,0.0677979660610182,0.101686949391518,0.0564983050508485,0.0395488135355939,0.0847474575762727,0.0790976270711879,0.0395488135355939,0.0395488135355939,0.0903972880813576,0.0564983050508485,0.00564983050508485
"LEXJ","departure","weekend",0,0,0,0,0,0,0,0.0526310526210524,0,0.0175403508070161,0.0350907018140363,0.105262105242105,0.105262105242105,0.0526310526210524,0.122812456249125,0.0175403508070161,0.0877217544350887,0.0701814036280726,0.105262105242105,0.0877217544350887,0.105262105242105,0.0175403508070161,0.0175403508070161,0
"LEXJ","departure","weekday",0.00578011560231205,0,0,0,0,0,0,0.0462409248184964,0.0404608092161843,0.0520210404208084,0.0520210404208084,0.0520210404208084,0.0462409248184964,0.0982719654393088,0.0924918498369968,0.0693613872277446,0.0693613872277446,0.109832196643933,0.0578011560231205,0.0924918498369968,0.0231204624092482,0.0693613872277446,0.0231204624092482,0
"LEZG","arrival","weekend",0,0,0,0,0,0,0,0,0,0.037739622603774,0.0565994340056599,0.132078679213208,0.113208867911321,0.132078679213208,0.0565994340056599,0.113208867911321,0.0565994340056599,0.018869811301887,0.018869811301887,0.0754692453075469,0.0565994340056599,0.113208867911321,0.018869811301887,0
"LEZG","arrival","weekday",0,0,0.00689986200275995,0,0,0,0.0206895862082758,0.0206895862082758,0.00689986200275995,0.00689986200275995,0.0620687586248275,0.0965480690386192,0.0482790344193116,0.0620687586248275,0.0689686206275875,0.0965480690386192,0.0206895862082758,0.0758584828303434,0.0689686206275875,0.0758584828303434,0.110337793244135,0.103447931041379,0.0482790344193116,0
"LEZG","departure","weekend",0,0,0,0,0,0,0,0.0192303846076922,0.0576911538230765,0.0769215384307686,0.0384607692153843,0.134622692453849,0.0769215384307686,0.153853077061541,0.0576911538230765,0.115382307646153,0.0384607692153843,0.0384607692153843,0.0384607692153843,0.0384607692153843,0,0.0384607692153843,0.0384607692153843,0.0384607692153843
"LEZG","departure","weekday",0,0,0,0,0,0,0,0.07639,0.01389,0.05556,0.04861,0.10417,0.09028,0.04861,0.03472,0.04861,0.08333,0.04861,0.09028,0.0625,0.09028,0.0625,0.02083,0.02083
"LEZL","arrival","weekend",0.0694393056069439,0,0,0,0,0,0,0.013889861101389,0.0624993750062499,0.027779722202778,0.0763892361076389,0.0694393056069439,0.138888611113889,0.034719652803472,0.048609513904861,0.027779722202778,0.0902790972090279,0.027779722202778,0.041669583304167,0.048609513904861,0.0555594444055559,0.0833291667083329,0.027779722202778,0.0555594444055559
"LEZL","arrival","weekday",0.05439,0.00209,0.00209,0,0,0,0.00209,0.01464,0.06904,0.04812,0.06904,0.09833,0.08996,0.05439,0.04184,0.03347,0.06067,0.04184,0.06067,0.06067,0.06904,0.04603,0.03975,0.04184
"LEZL","departure","weekend",0,0,0,0,0,0,0.0559394406055939,0.0909090909090909,0.041959580404196,0.0629393706062939,0.041959580404196,0.0559394406055939,0.111888881111189,0.111888881111189,0.041959580404196,0.034969650303497,0.0489495105048949,0.0699293007069929,0.041959580404196,0.0489495105048949,0.0489495105048949,0.041959580404196,0.041959580404196,0.00698993010069899
"LEZL","departure","weekday",0.018830188301883,0,0,0.002090020900209,0,0,0.043930439304393,0.0732207322073221,0.05230052300523,0.048120481204812,0.0836808368083681,0.0648506485064851,0.0711307113071131,0.0920509205092051,0.041840418404184,0.037660376603766,0.041840418404184,0.0585805858058581,0.0564905649056491,0.0732207322073221,0.054390543905439,0.0648506485064851,0.018830188301883,0.002090020900209
"LEBG","arrival","weekend",0,0,0,0,0,0,0,0,0,0,0.0909090909090909,0.0909090909090909,0.181818181818182,0.0909090909090909,0.181818181818182,0.0909090909090909,0,0,0.272727272727273,0,0,0,0,0
"LEBG","arrival","weekday",0,0,0,0,0,0,0,0,0,0,0.0789492105078949,0.184208157918421,0.131578684213158,0.0526294737052629,0.026319736802632,0.026319736802632,0.0526294737052629,0.157888421115789,0.026319736802632,0.131578684213158,0.0789492105078949,0.0526294737052629,0,0
"LEBG","departure","weekend",0,0,0,0,0,0,0,0,0,0.0909090909090909,0.0909090909090909,0.181818181818182,0,0.0909090909090909,0,0,0,0.363636363636364,0.0909090909090909,0.0909090909090909,0,0,0,0
"LEBG","departure","weekday",0,0,0,0,0,0,0,0,0,0.0540510810216204,0.0540510810216204,0.324326486529731,0.0810816216324327,0.243244864897298,0.0270305406108122,0.0270305406108122,0,0.0270305406108122,0.0540510810216204,0.0540510810216204,0.0540510810216204,0,0,0
"LESB","arrival","weekend",0,0,0,0,0,0,0,0,0.013890138901389,0.013890138901389,0.013890138901389,0.138891388913889,0.0694406944069441,0.194441944419444,0.0833308333083331,0.0694406944069441,0.0555605556055561,0.027780277802778,0.0833308333083331,0.0972209722097221,0.0972209722097221,0.041670416704167,0,0
"LESB","arrival","weekday",0,0,0,0,0,0,0,0.00633,0,0.03797,0.09494,0.10127,0.09494,0.08228,0.07595,0.10759,0.05063,0.05696,0.07595,0.07595,0.10127,0.03797,0,0
"LESB","departure","weekend",0,0,0,0,0,0,0.01695,0.01695,0.05085,0.01695,0.13559,0.11864,0.15254,0.10169,0.0339,0.01695,0.0339,0.08475,0.10169,0.0678,0.05085,0,0,0
"LESB","departure","weekday",0,0,0,0,0,0,0,0.013070130701307,0.0588205882058821,0.0784307843078431,0.0784307843078431,0.0980409804098041,0.137251372513725,0.0784307843078431,0.0784307843078431,0.045750457504575,0.0588205882058821,0.0653606536065361,0.0980409804098041,0.0719007190071901,0.039220392203922,0,0,0
