engine_id,co,hc,nox_no2,fuel,pm10,pm25,co2,so2
10AL026,0.000563,1.38e-07,0.00109,0.138,6.776e-06,6.776e-06,0.4347,6.9e-05
10IA011,0.0007905,2.17e-05,0.002889,0.31,5.086e-05,5.086e-05,0.9765,0.000155
10IA012,0.0007433,2.282e-05,0.003159,0.326,5.987e-05,5.987e-05,1.0269,0.000163
10IA013,0.000738,2.296e-05,0.003195,0.328,6.167e-05,6.167e-05,1.0332,0.000164
10IA014,0.000738,2.296e-05,0.003195,0.328,6.167e-05,6.167e-05,1.0332,0.000164
10IA015,0.000738,2.296e-05,0.003195,0.328,6.167e-05,6.167e-05,1.0332,0.000164
10IA016,0.0006386,2.322e-05,0.004226,0.387,0.0001035,0.0001035,1.21905,0.0001935
10IA017,0.0006237,2.43e-05,0.004552,0.405,0.0001199,0.0001199,1.27575,0.0002025
10PW096,0.0008342,3.476e-05,0.009863,0.869,4.682e-05,4.682e-05,2.73735,0.0004345
10PW097,0.0007671,3.568e-05,0.01037,0.892,4.81e-05,4.81e-05,2.8098,0.000446
10PW098,0.0006296,3.816e-05,0.01171,0.954,5.154e-05,5.154e-05,3.0051,0.000477
10PW099,0.0005385,3.916e-05,0.01247,0.979,5.299e-05,5.299e-05,3.08385,0.0004895
11BR011,0.001311,2.21e-07,0.001726,0.221,1.083e-05,1.083e-05,0.69615,0.0001105
11CM067,0.001348,2.144e-05,0.002144,0.268,1.736e-05,1.736e-05,0.8442,0.000134
11CM068,0.001216,2.037e-05,0.00243,0.291,1.869e-05,1.869e-05,0.91665,0.0001455
11CM069,0.001216,2.037e-05,0.00243,0.291,1.869e-05,1.869e-05,0.91665,0.0001455
11CM070,0.001133,1.848e-05,0.002649,0.308,1.961e-05,1.961e-05,0.9702,0.000154
11CM071,0.001133,1.848e-05,0.002649,0.308,1.961e-05,1.961e-05,0.9702,0.000154
11CM072,0.001016,1.655e-05,0.002956,0.331,2.088e-05,2.088e-05,1.04265,0.0001655
11CM073,0.001016,1.655e-05,0.002956,0.331,2.088e-05,2.088e-05,1.04265,0.0001655
11CM074,0.001016,1.655e-05,0.002956,0.331,2.088e-05,2.088e-05,1.04265,0.0001655
11CM075,0.001016,1.655e-05,0.002956,0.331,2.088e-05,2.088e-05,1.04265,0.0001655
11CM076,0.001016,1.655e-05,0.002956,0.331,2.088e-05,2.088e-05,1.04265,0.0001655
11CM077,0.0009673,1.715e-05,0.003118,0.343,2.164e-05,2.164e-05,1.08045,0.0001715
11CM078,0.0009673,1.715e-05,0.003118,0.343,2.164e-05,2.164e-05,1.08045,0.0001715
11CM079,0.0009673,1.715e-05,0.003118,0.343,2.164e-05,2.164e-05,1.08045,0.0001715
11CM080,0.0009673,1.715e-05,0.003118,0.343,2.164e-05,2.164e-05,1.08045,0.0001715
11CM081,0.0009673,1.715e-05,0.003118,0.343,2.164e-05,2.164e-05,1.08045,0.0001715
11CM082,0.0009673,1.715e-05,0.003118,0.343,2.164e-05,2.164e-05,1.08045,0.0001715
11GE134,0.002186,4.184e-05,0.004221,0.523,4.756e-05,4.756e-05,1.64745,0.0002615
11GE135,0.002044,3.878e-05,0.004659,0.554,5.006e-05,5.006e-05,1.7451,0.000277
11GE136,0.001806,3.624e-05,0.005454,0.604,5.424e-05,5.424e-05,1.9026,0.000302
11GE137,0.001725,3.75e-05,0.005806,0.625,5.613e-05,5.613e-05,1.96875,0.0003125
11GE138,0.001619,3.9e-05,0.00626,0.65,5.837e-05,5.837e-05,2.0475,0.000325
11GE139,0.001774,4.206e-05,0.006716,0.701,6.295e-05,6.295e-05,2.20815,0.0003505
11GE140,0.0008716,3.066e-05,0.001745,0.219,1.251e-05,1.251e-05,0.68985,0.0001095
11GE141,0.0007958,3.016e-05,0.001916,0.232,1.313e-05,1.313e-05,0.7308,0.000116
11GE142,0.001079,2.899e-05,0.001693,0.223,1.262e-05,1.262e-05,0.70245,0.0001115
11GE143,0.001079,2.899e-05,0.001693,0.223,1.262e-05,1.262e-05,0.70245,0.0001115
11GE144,0.0009608,2.39e-05,0.001898,0.239,1.311e-05,1.311e-05,0.75285,0.0001195
11GE145,0.0009608,2.39e-05,0.001898,0.239,1.311e-05,1.311e-05,0.75285,0.0001195
11GE146,0.0009608,2.39e-05,0.001898,0.239,1.311e-05,1.311e-05,0.75285,0.0001195
11GE147,0.0009608,2.39e-05,0.001898,0.239,1.311e-05,1.311e-05,0.75285,0.0001195
11HN003,0.0006531,1.248e-05,0.0009162,0.104,7.356e-06,7.356e-06,0.3276,5.2e-05
11HN005,0.0006495,1.284e-05,0.0009587,0.107,7.857e-06,7.857e-06,0.33705,5.35e-05
11PJ001,0.001156,1.368e-05,0.001619,0.228,1.226e-05,1.226e-05,0.7182,0.000114
11PJ002,0.001111,1.428e-05,0.001733,0.238,1.279e-05,1.279e-05,0.7497,0.000119
11PW100,0.0003437,1.02e-07,0.0006916,0.102,5e-06,5e-06,0.3213,5.1e-05
11RR048,0.0006214,0.0001398,0.001142,0.215,1.996e-05,1.996e-05,0.67725,0.0001075
12GE148,0.002192,4.288e-05,0.004358,0.536,3.333e-05,3.333e-05,1.6884,0.000268
12GE149,0.002041,3.969e-05,0.004808,0.567,3.835e-05,3.835e-05,1.78605,0.0002835
12GE150,0.001798,3.708e-05,0.00563,0.618,4.928e-05,4.928e-05,1.9467,0.000309
12GE151,0.001713,3.834e-05,0.006,0.639,5.454e-05,5.454e-05,2.01285,0.0003195
12GE152,0.001607,3.652e-05,0.006461,0.664,6.089e-05,6.089e-05,2.0916,0.000332
12GE153,0.001607,3.652e-05,0.006461,0.664,6.089e-05,6.089e-05,2.0916,0.000332
12GE154,0.001607,3.652e-05,0.006461,0.664,6.089e-05,6.089e-05,2.0916,0.000332
12GE155,0.001469,3.515e-05,0.007241,0.703,6.97e-05,6.97e-05,2.21445,0.0003515
12GE156,0.001443,3.555e-05,0.007409,0.711,7.112e-05,7.112e-05,2.23965,0.0003555
12PW101,0.00142,6.96e-05,0.008289,0.696,3.901e-05,3.901e-05,2.1924,0.000348
12PW102,0.001386,6.462e-05,0.008738,0.718,4.017e-05,4.017e-05,2.2617,0.000359
12RR055,0.0004688,6.25e-07,0.00825,0.625,4.439e-05,4.439e-05,1.96875,0.0003125
12RR056,0.0004342,6.68e-07,0.009198,0.668,4.897e-05,4.897e-05,2.1042,0.000334
12RR057,0.0004342,6.68e-07,0.009198,0.668,4.897e-05,4.897e-05,2.1042,0.000334
12RR058,0.0005435,5.49e-07,0.006676,0.549,3.696e-05,3.696e-05,1.72935,0.0002745
12RR059,0.0004478,6.49e-07,0.008762,0.649,4.708e-05,4.708e-05,2.04435,0.0003245
12RR060,0.0005072,5.83e-07,0.007357,0.583,4.01e-05,4.01e-05,1.83645,0.0002915
12RR061,0.0004805,6.24e-07,0.008181,0.624,4.432e-05,4.432e-05,1.9656,0.000312
12RR062,0.0004462,6.66e-07,0.009104,0.666,4.883e-05,4.883e-05,2.0979,0.000333
12RR063,0.0004462,6.66e-07,0.009104,0.666,4.883e-05,4.883e-05,2.0979,0.000333
12RR064,0.0005545,5.49e-07,0.006654,0.549,3.696e-05,3.696e-05,1.72935,0.0002745
12RR065,0.0004658,6.47e-07,0.008676,0.647,4.694e-05,4.694e-05,2.03805,0.0003235
12RR066,0.000518,5.82e-07,0.00731,0.582,4.003e-05,4.003e-05,1.8333,0.000291
12RR067,0.0004315,6.96e-07,0.009786,0.696,5.21e-05,5.21e-05,2.1924,0.000348
12RR068,0.0004315,6.96e-07,0.009786,0.696,5.21e-05,5.21e-05,2.1924,0.000348
12RR069,0.0004462,6.66e-07,0.009104,0.666,4.883e-05,4.883e-05,2.0979,0.000333
13AA006,0.0006132,0.0004037,0.004579,0.511,0.0001406,0.0001406,1.60965,0.0002555
13AA007,0.0005703,8.528e-05,0.005266,0.533,0.0003395,0.0003395,1.67895,0.0002665
13AA008,0.0009378,0.0001031,0.004571,0.491,0.0002845,0.0002845,1.54665,0.0002455
13AL027,0.000194,2.167e-05,0.0006462,0.0985,6.051e-06,6.051e-06,0.310275,4.925e-05
13GE157,0.001774,4.206e-05,0.006716,0.701,6.295e-05,6.295e-05,2.20815,0.0003505
13GE158,0.001143,2.568e-05,0.007133,0.642,3.568e-05,3.568e-05,2.0223,0.000321
13GE159,0.001101,2.804e-05,0.008181,0.701,3.816e-05,3.816e-05,2.20815,0.0003505
13GE160,0.001116,2.772e-05,0.008011,0.693,3.758e-05,3.758e-05,2.18295,0.0003465
13GE161,0.00119,3.27e-05,0.007207,0.654,3.518e-05,3.518e-05,2.0601,0.000327
13GE162,0.00119,3.27e-05,0.007207,0.654,3.518e-05,3.518e-05,2.0601,0.000327
13GE163,0.00119,3.27e-05,0.007207,0.654,3.518e-05,3.518e-05,2.0601,0.000327
13GE164,0.001239,3.145e-05,0.006711,0.629,3.348e-05,3.348e-05,1.98135,0.0003145
13GE165,0.001285,3.045e-05,0.006328,0.609,3.221e-05,3.221e-05,1.91835,0.0003045
13GE166,0.001406,2.79e-05,0.005396,0.558,2.911e-05,2.911e-05,1.7577,0.000279
13GE167,0.001481,3.162e-05,0.004885,0.527,2.767e-05,2.767e-05,1.66005,0.0002635
13ZM002,0.0005697,2.11e-07,0.001899,0.211,1.636e-05,1.636e-05,0.66465,0.0001055
13ZM003,0.0006518,1.526e-05,0.001583,0.218,1.387e-05,1.387e-05,0.6867,0.000109
13ZM004,0.0006098,1.8e-05,0.001645,0.225,1.453e-05,1.453e-05,0.70875,0.0001125
14HN006,0.0006625,1.164e-05,0.0008197,0.097,6.861e-06,6.861e-06,0.30555,4.85e-05
14HN007,0.0006365,1.224e-05,0.0009017,0.102,7.379e-06,7.379e-06,0.3213,5.1e-05
14HN008,0.0006156,1.296e-05,0.0009968,0.108,7.93e-06,7.93e-06,0.3402,5.4e-05
14HN009,0.0006399,1.284e-05,0.0009662,0.107,7.857e-06,7.857e-06,0.33705,5.35e-05
14IA018,0.0006139,3.519e-05,0.004356,0.391,0.000115,0.000115,1.23165,0.0001955
14PW103,0.0004849,1.16e-07,0.0007888,0.116,1.271e-05,1.271e-05,0.3654,5.8e-05
14RR070,0.001336,3.124e-05,0.007904,0.781,4.915e-05,4.915e-05,2.46015,0.0003905
14RR071,0.001281,3.284e-05,0.008555,0.821,5.387e-05,5.387e-05,2.58615,0.0004105
14RR072,0.001101,7.15e-07,0.007515,0.715,6.219e-05,6.219e-05,2.25225,0.0003575
14RR073,0.001027,7.55e-07,0.008267,0.755,6.887e-05,6.887e-05,2.37825,0.0003775
14RR074,0.001027,7.55e-07,0.008267,0.755,6.887e-05,6.887e-05,2.37825,0.0003775
14RR075,0.0009612,8.01e-07,0.009179,0.801,7.651e-05,7.651e-05,2.52315,0.0004005
15PW104,0.001275,9.288e-06,0.002055,0.2322,1.219e-05,1.219e-05,0.73143,0.0001161
15PW105,0.001275,9.288e-06,0.002055,0.2322,1.219e-05,1.219e-05,0.73143,0.0001161
15PW106,0.001159,1.019e-05,0.00229,0.2547,1.336e-05,1.336e-05,0.802305,0.00012735
15PW107,0.0009992,1.113e-05,0.002544,0.2783,1.459e-05,1.459e-05,0.876645,0.00013915
15PW108,0.0009992,1.113e-05,0.002544,0.2783,1.459e-05,1.459e-05,0.876645,0.00013915
15PW109,0.0002866,1.115e-07,0.0008753,0.1115,5.465e-06,5.465e-06,0.351225,5.575e-05
1AA001,0.005075,0.000525,0.00245,0.35,0.0002171,0.0002171,1.1025,0.000175
1AA002,0.007546,0.001323,0.003087,0.49,0.0003141,0.0003141,1.5435,0.000245
1AA003,0.0059,6e-04,0.00255,0.5,0.0003305,0.0003305,1.575,0.00025
1AA004,0.007644,0.000798,0.002142,0.42,0.001838,0.001838,1.323,0.00021
1AS001,0.001499,0.0002854,0.0003953,0.067,3.147e-05,3.147e-05,0.21105,3.35e-05
1AS002,0.00112,0.0001015,0.0004982,0.072,2.227e-05,2.227e-05,0.2268,3.6e-05
1CM001,0.001081,2.544e-05,0.002767,0.318,2.146e-05,2.146e-05,1.0017,0.000159
1CM002,0.001306,2.488e-05,0.00255,0.311,2.121e-05,2.121e-05,0.97965,0.0001555
1CM003,0.001306,2.488e-05,0.00255,0.311,2.121e-05,2.121e-05,0.97965,0.0001555
1CM004,0.001102,2.32e-05,0.002407,0.29,1.957e-05,1.957e-05,0.9135,0.000145
1CM005,0.001068,2.292e-05,0.002732,0.314,2.107e-05,2.107e-05,0.9891,0.000157
1CM006,0.001147,2.184e-05,0.002184,0.273,1.843e-05,1.843e-05,0.85995,0.0001365
1CM007,0.001042,2.352e-05,0.003058,0.336,2.249e-05,2.249e-05,1.0584,0.000168
1CM008,0.0007275,0.0001164,0.002328,0.291,2.9e-05,2.9e-05,0.91665,0.0001455
1CM009,0.0007368,9.21e-05,0.002548,0.307,2.985e-05,2.985e-05,0.96705,0.0001535
1CM010,0.0006227,2.918e-05,0.003558,0.3558,3.15e-05,3.15e-05,1.12077,0.0001779
1CM011,0.0005809,2.738e-05,0.003848,0.37,3.243e-05,3.243e-05,1.1655,0.000185
1GE001,0.003145,0.0003387,0.005516,0.4839,5.125e-05,5.125e-05,1.524285,0.00024195
1GE002,0.002717,0.0002964,0.005829,0.494,4.954e-05,4.954e-05,1.5561,0.000247
1GE003,0.003145,0.0003387,0.005516,0.4839,5.125e-05,5.125e-05,1.524285,0.00024195
1GE004,0.002717,0.0002964,0.005829,0.494,4.954e-05,4.954e-05,1.5561,0.000247
1GE007,0.002838,0.00066,0.00627,0.66,7.962e-05,7.962e-05,2.079,0.00033
1GE010,0.001907,0.0002891,0.006335,0.615,5.292e-05,5.292e-05,1.93725,0.0003075
1GE011,0.001907,0.0002891,0.006335,0.615,5.292e-05,5.292e-05,1.93725,0.0003075
1GE012,0.001795,0.0002885,0.006923,0.641,5.444e-05,5.444e-05,2.01915,0.0003205
1GE013,0.001795,0.0002885,0.006923,0.641,5.444e-05,5.444e-05,2.01915,0.0003205
1GE034,0.0002261,1.547e-05,0.0008163,0.119,8.874e-06,8.874e-06,0.37485,5.95e-05
1GE035,0.0002261,1.547e-05,0.0008163,0.119,8.874e-06,8.874e-06,0.37485,5.95e-05
1IA001,0.0002572,5.01e-05,0.004492,0.334,2.919e-05,2.919e-05,1.0521,0.000167
1IA002,0.0007784,1.946e-05,0.002839,0.319,6.565e-05,6.565e-05,1.00485,0.0001595
1IA003,0.0007784,1.946e-05,0.002839,0.319,6.565e-05,6.565e-05,1.00485,0.0001595
1IA004,0.0007166,2.047e-05,0.003389,0.353,7.578e-05,7.578e-05,1.11195,0.0001765
1IA005,0.0006824,2.111e-05,0.003808,0.377,8.124e-05,8.124e-05,1.18755,0.0001885
1KK002,0.00715,0.00143,5.5e-08,0.55,0.0003291,0.0003291,1.7325,0.000275
1KK003,0.005394,0.000696,0.002958,0.58,0.0001303,0.0001303,1.827,0.00029
1KK004,0.00468,0.00132,0.00348,0.6,0.0003337,0.0003337,1.89,3e-04
1KK005,0.00354,0.00018,0.00234,0.6,6.155e-05,6.155e-05,1.89,3e-04
1PW001,0.008477,0.001384,0.001661,0.346,0.0001441,0.0001441,1.0899,0.000173
1PW003,3.89e-08,3.89e-08,3.89e-08,0.389,3.317e-05,3.317e-05,1.22535,0.0001945
1PW007,0.0006371,0.0001786,0.001786,0.2977,3.537e-05,3.537e-05,0.937755,0.00014885
1PW008,0.003139,0.0004675,0.001937,0.3339,7.527e-05,7.527e-05,1.051785,0.00016695
1PW010,0.0009424,0.0001871,0.002347,0.3402,4.824e-05,4.824e-05,1.07163,0.0001701
1PW011,0.0009048,0.0002028,0.002059,0.312,4.647e-05,4.647e-05,0.9828,0.000156
1PW013,0.0009452,0.0001841,0.002832,0.354,5.139e-05,5.139e-05,1.1151,0.000177
1PW014,0.0009516,0.0002115,0.002214,0.3304,5.052e-05,5.052e-05,1.04076,0.0001652
1PW015,0.0009578,0.0001966,0.002859,0.3574,5.665e-05,5.665e-05,1.12581,0.0001787
1PW016,0.0009538,0.000199,0.003154,0.3755,5.925e-05,5.925e-05,1.182825,0.00018775
1PW017,0.00157,0.000607,0.003161,0.3592,7.169e-05,7.169e-05,1.13148,0.0001796
1PW018,0.001598,0.0006133,0.003488,0.3833,7.922e-05,7.922e-05,1.207395,0.00019165
1PW023,0.003619,0.0003744,0.005678,0.624,7.12e-05,7.12e-05,1.9656,0.000312
1PW024,0.003735,0.0003395,0.006383,0.679,7.366e-05,7.366e-05,2.13885,0.0003395
1PW025,0.001157,0.0002041,0.005307,0.6804,5.387e-05,5.387e-05,2.14326,0.0003402
1PW026,0.0008966,8.571e-05,0.006461,0.6593,4.155e-05,4.155e-05,2.076795,0.00032965
1PW027,0.0008031,8.488e-05,0.00679,0.6529,4.162e-05,4.162e-05,2.056635,0.00032645
1PW028,0.0009344,0.0001408,0.00544,0.64,4.322e-05,4.322e-05,2.016,0.00032
1PW029,0.0009226,0.0001186,0.005799,0.659,4.613e-05,4.613e-05,2.07585,0.0003295
1PW030,0.001005,0.0001301,0.006432,0.7227,5.175e-05,5.175e-05,2.276505,0.00036135
1PW032,0.003735,0.0003395,0.006383,0.679,7.366e-05,7.366e-05,2.13885,0.0003395
1PW033,0.001157,0.0002041,0.005307,0.6804,5.387e-05,5.387e-05,2.14326,0.0003402
1PW034,0.001157,0.0002041,0.005307,0.6804,5.387e-05,5.387e-05,2.14326,0.0003402
1PW035,0.002066,0.0002259,0.0001754,0.051,1.668e-05,1.668e-05,0.16065,2.55e-05
1PW036,0.001888,0.0003039,0.0003121,0.059,2.156e-05,2.156e-05,0.18585,2.95e-05
1PW037,0.002548,0.0007722,0.0003254,0.066,4.915e-05,4.915e-05,0.2079,3.3e-05
1PW038,0.003338,0.001085,0.0003546,0.0678,6.665e-05,6.665e-05,0.21357,3.39e-05
1PW042,0.001316,8.554e-05,0.007633,0.658,4.554e-05,4.554e-05,2.0727,0.000329
1PW045,0.001404,7.969e-05,0.006804,0.613,4.143e-05,4.143e-05,1.93095,0.0003065
1PW047,0.001316,8.554e-05,0.007633,0.658,4.554e-05,4.554e-05,2.0727,0.000329
1PW048,0.001282,9.548e-05,0.008048,0.682,4.8e-05,4.8e-05,2.1483,0.000341
1PW051,0.0005823,0.0001618,0.007505,0.647,5.846e-05,5.846e-05,2.03805,0.0003235
1PW052,0.001251,9.842e-05,0.008436,0.703,4.977e-05,4.977e-05,2.21445,0.0003515
1PW053,0.001349,0.00011,0.006444,0.579,4.086e-05,4.086e-05,1.82385,0.0002895
1PW054,0.00129,0.000102,0.006846,0.6,3.627e-05,3.627e-05,1.89,3e-04
1PW055,0.001215,0.0001029,0.007697,0.643,3.882e-05,3.882e-05,2.02545,0.0003215
1PW057,0.001194,0.0001029,0.008596,0.686,4.138e-05,4.138e-05,2.1609,0.000343
1PW059,0.001189,0.0001062,0.009048,0.708,4.27e-05,4.27e-05,2.2302,0.000354
1RR001,0.007446,0.00108,0.0005256,0.146,8.053e-05,8.053e-05,0.4599,7.3e-05
1RR003,0.01169,0.003373,0.00463,0.566,0.0002742,0.0002742,1.7829,0.000283
1RR005,0.0009828,0.000441,0.006174,0.63,6.195e-05,6.195e-05,1.9845,0.000315
1RR006,0.01399,0.003271,0.007696,0.74,0.0002291,0.0002291,2.331,0.00037
1RR008,0.001014,0.000455,0.00691,0.65,6.35e-05,6.35e-05,2.0475,0.000325
1RR010,0.000707,0.000259,0.006692,0.7,8.336e-05,8.336e-05,2.205,0.00035
1RR011,0.0007029,0.0002556,0.007285,0.71,8.382e-05,8.382e-05,2.2365,0.000355
1RR012,0.0002592,0.0002376,0.00344,0.54,5.503e-05,5.503e-05,1.701,0.00027
1RR018,0.0008177,6.409e-05,0.001503,0.221,8.012e-05,8.012e-05,0.69615,0.0001105
1RR019,0.000897,0.000207,0.001311,0.23,0.0001217,0.0001217,0.7245,0.000115
1RR020,0.000897,0.000207,0.001311,0.23,0.0001217,0.0001217,0.7245,0.000115
1RR021,0.001661,0.0002235,0.001156,0.254,3.708e-05,3.708e-05,0.8001,0.000127
1TL001,0.0004653,2.145e-05,0.0007583,0.1172,1.461e-05,1.461e-05,0.36918,5.86e-05
1TL002,0.0008658,2.947e-05,0.0006316,0.1027,1.047e-05,1.047e-05,0.323505,5.135e-05
1TL003,0.0007341,2.244e-05,0.0006824,0.1034,1.034e-05,1.034e-05,0.32571,5.17e-05
1TL004,0.0004798,1.3e-05,0.000692,0.1083,1.135e-05,1.135e-05,0.341145,5.415e-05
1ZM001,0.0005697,2.11e-07,0.001899,0.211,1.636e-05,1.636e-05,0.66465,0.0001055
2CM012,0.0005715,4.368e-05,0.003931,0.364,2.028e-05,2.028e-05,1.1466,0.000182
2CM013,0.0005264,4.512e-05,0.004136,0.376,2.095e-05,2.095e-05,1.1844,0.000188
2CM014,0.0007596,4.238e-05,0.00326,0.326,1.834e-05,1.834e-05,1.0269,0.000163
2CM015,0.0005404,2.509e-05,0.004119,0.386,3.346e-05,3.346e-05,1.2159,0.000193
2CM016,0.01417,0.003358,0.00259,0.369,0.0002116,0.0002116,1.16235,0.0001845
2CM017,0.0135,0.003167,0.002729,0.377,0.0002014,0.0002014,1.18755,0.0001885
2CM018,0.01467,0.003819,0.002054,0.335,0.0002355,0.0002355,1.05525,0.0001675
2CM019,0.005591,6.3e-05,0.003251,0.315,2.638e-05,2.638e-05,0.99225,0.0001575
2GE036,0.001335,7.812e-05,0.008092,0.651,3.627e-05,3.627e-05,2.05065,0.0003255
2GE037,0.00151,7.08e-05,0.006997,0.59,3.287e-05,3.287e-05,1.8585,0.000295
2GE038,0.001311,7.282e-05,0.008262,0.662,3.651e-05,3.651e-05,2.0853,0.000331
2GE039,0.001284,7.392e-05,0.00842,0.672,3.706e-05,3.706e-05,2.1168,0.000336
2GE040,0.001335,7.812e-05,0.008092,0.651,3.627e-05,3.627e-05,2.05065,0.0003255
2GE041,0.001373,7.56e-05,0.007762,0.63,3.51e-05,3.51e-05,1.9845,0.000315
2GE042,0.001527,7.02e-05,0.006897,0.585,3.259e-05,3.259e-05,1.84275,0.0002925
2GE043,0.001359,7.692e-05,0.007929,0.641,3.571e-05,3.571e-05,2.01915,0.0003205
2GE044,0.001284,7.392e-05,0.00842,0.672,3.706e-05,3.706e-05,2.1168,0.000336
2GE045,0.001385,7.15e-05,0.008106,0.65,3.585e-05,3.585e-05,2.0475,0.000325
2GE046,0.001566,7.116e-05,0.006997,0.593,3.304e-05,3.304e-05,1.86795,0.0002965
2GE047,0.001385,7.15e-05,0.008106,0.65,3.585e-05,3.585e-05,2.0475,0.000325
2GE048,0.001316,7.502e-05,0.008614,0.682,3.761e-05,3.761e-05,2.1483,0.000341
2GE049,0.001307,7.568e-05,0.00871,0.688,3.794e-05,3.794e-05,2.1672,0.000344
2GE050,0.001371,7.854e-05,0.009004,0.714,3.938e-05,3.938e-05,2.2491,0.000357
2GE051,0.001339,7.964e-05,0.009166,0.724,3.993e-05,3.993e-05,2.2806,0.000362
2GE055,0.001316,7.502e-05,0.008614,0.682,3.761e-05,3.761e-05,2.1483,0.000341
2PW060,0.000318,0.000159,0.008745,0.795,4.978e-05,4.978e-05,2.50425,0.0003975
2PW061,0.0003264,0.0001632,0.009221,0.816,5.11e-05,5.11e-05,2.5704,0.000408
2RR024,0.0007568,8.8e-07,0.009178,0.88,5.368e-05,5.368e-05,2.772,0.00044
2RR025,0.00072,9e-07,0.009531,0.9,5.533e-05,5.533e-05,2.835,0.00045
2RR026,0.0006305,9.7e-07,0.01074,0.97,6.136e-05,6.136e-05,3.0555,0.000485
2RR027,0.00057,1e-06,0.01158,1,6.487e-05,6.487e-05,3.15,5e-04
3CM020,0.008547,0.001369,0.002701,0.37,9.583e-05,9.583e-05,1.1655,0.000185
3CM021,0.009894,0.001802,0.00221,0.34,0.0001187,0.0001187,1.071,0.00017
3CM022,0.006665,0.000124,0.002697,0.31,3.684e-05,3.684e-05,0.9765,0.000155
3CM023,0.00069,0.0001725,0.003692,0.345,2.681e-05,2.681e-05,1.08675,0.0001725
3CM024,0.0006764,0.000178,0.00388,0.356,2.766e-05,2.766e-05,1.1214,0.000178
3CM025,0.0006222,0.000183,0.004099,0.366,2.844e-05,2.844e-05,1.1529,0.000183
3CM026,0.0007176,0.000156,0.00312,0.312,2.424e-05,2.424e-05,0.9828,0.000156
3CM027,0.000884,0.000182,0.002262,0.26,2.323e-05,2.323e-05,0.819,0.00013
3CM028,0.0007975,0.000165,0.00253,0.275,2.303e-05,2.303e-05,0.86625,0.0001375
3CM029,0.000936,2.6e-05,0.002366,0.26,1.419e-05,1.419e-05,0.819,0.00013
3CM030,0.0008768,2.74e-05,0.002603,0.274,1.496e-05,1.496e-05,0.8631,0.000137
3CM031,0.000745,2.98e-05,0.00298,0.298,1.627e-05,1.627e-05,0.9387,0.000149
3CM032,0.0006952,3.16e-05,0.003192,0.316,1.725e-05,1.725e-05,0.9954,0.000158
3CM034,0.0004886,3.49e-05,0.003839,0.349,1.905e-05,1.905e-05,1.09935,0.0001745
3GE056,0.001327,7.601e-05,0.008734,0.691,3.811e-05,3.811e-05,2.17665,0.0003455
3GE057,0.001276,7.667e-05,0.00888,0.697,3.844e-05,3.844e-05,2.19555,0.0003485
3GE058,0.001355,7.568e-05,0.008689,0.688,3.794e-05,3.794e-05,2.1672,0.000344
3GE066,0.000862,6.419e-05,0.01627,0.917,5.709e-05,5.709e-05,2.88855,0.0004585
3GE067,0.002966,0.0002072,0.005541,0.592,4.417e-05,4.417e-05,1.8648,0.000296
3GE068,0.002966,0.0002072,0.005541,0.592,4.417e-05,4.417e-05,1.8648,0.000296
3GE069,0.002719,0.0001938,0.006075,0.625,4.613e-05,4.613e-05,1.96875,0.0003125
3GE070,0.002558,0.0001859,0.006468,0.641,4.707e-05,4.707e-05,2.01915,0.0003205
3GE071,0.002558,0.0001859,0.006468,0.641,4.707e-05,4.707e-05,2.01915,0.0003205
3GE072,0.002558,0.0001859,0.006468,0.641,4.707e-05,4.707e-05,2.01915,0.0003205
3GE073,0.00246,0.0001856,0.006736,0.663,4.835e-05,4.835e-05,2.08845,0.0003315
3GE074,0.00246,0.0001856,0.006736,0.663,4.835e-05,4.835e-05,2.08845,0.0003315
3GE075,0.00246,0.0001856,0.006736,0.663,4.835e-05,4.835e-05,2.08845,0.0003315
3GE076,0.00246,0.0001856,0.006736,0.663,4.835e-05,4.835e-05,2.08845,0.0003315
3GE077,0.00246,0.0001856,0.006736,0.663,4.835e-05,4.835e-05,2.08845,0.0003315
3GE078,0.002281,0.0001734,0.006997,0.667,4.773e-05,4.773e-05,2.10105,0.0003335
3GE079,0.002281,0.0001734,0.006997,0.667,4.773e-05,4.773e-05,2.10105,0.0003335
3IA006,0.0008086,1.928e-05,0.002706,0.311,6.169e-05,6.169e-05,0.97965,0.0001555
3IA007,0.0007774,2.001e-05,0.002952,0.328,6.741e-05,6.741e-05,1.0332,0.000164
3IA008,0.0006437,2.029e-05,0.004225,0.3901,8.645e-05,8.645e-05,1.228815,0.00019505
3RR031,0.00044,2.75e-05,0.001315,0.25,3.863e-05,3.863e-05,0.7875,0.000125
3RR033,0.001589,0.000221,0.00124,0.26,3.752e-05,3.752e-05,0.819,0.00013
4AL002,0.0004446,8.424e-05,0.0008447,0.117,1.047e-05,1.047e-05,0.36855,5.85e-05
4AL003,0.0003838,7.488e-05,0.0009114,0.117,9.94e-06,9.94e-06,0.36855,5.85e-05
4BR005,0.000972,4.8e-06,0.0021,0.24,1.645e-05,1.645e-05,0.756,0.00012
4BR006,0.0009226,5.14e-06,0.002316,0.257,1.901e-05,1.901e-05,0.80955,0.0001285
4BR007,0.0008786,5.44e-06,0.002511,0.272,2.14e-05,2.14e-05,0.8568,0.000136
4BR008,0.001023,1.07e-05,0.001644,0.214,1.216e-05,1.216e-05,0.6741,0.000107
4BR009,0.001029,1.07e-05,0.001641,0.214,1.207e-05,1.207e-05,0.6741,0.000107
4CM035,0.0008091,0.0001305,0.002221,0.261,2.707e-05,2.707e-05,0.82215,0.0001305
4CM036,0.0007728,0.0001242,0.002467,0.276,2.828e-05,2.828e-05,0.8694,0.000138
4CM037,0.008346,0.001287,0.002964,0.39,9.224e-05,9.224e-05,1.2285,0.000195
4CM038,0.00796,0.00116,0.00312,0.4,8.56e-05,8.56e-05,1.26,2e-04
4CM039,0.003161,0.0001001,0.00261,0.278,2.132e-05,2.132e-05,0.8757,0.000139
4CM040,0.009354,0.001836,0.00193,0.303,0.000119,0.000119,0.95445,0.0001515
4CM041,0.00949,0.001881,0.002103,0.313,0.0001221,0.0001221,0.98595,0.0001565
4CM042,0.008707,0.00158,0.002425,0.334,0.0001062,0.0001062,1.0521,0.000167
4CM043,0.008522,0.001478,0.002643,0.351,0.0001013,0.0001013,1.10565,0.0001755
4GE081,0.001071,6.696e-05,0.009419,0.744,4.019e-05,4.019e-05,2.3436,0.000372
4PW068,0.001357,3.833e-08,0.002936,0.3833,2.869e-05,2.869e-05,1.207395,0.00019165
4PW069,0.001357,3.833e-08,0.002936,0.3833,2.869e-05,2.869e-05,1.207395,0.00019165
4PW070,0.001376,3.63e-08,0.002777,0.363,2.504e-05,2.504e-05,1.14345,0.0001815
4PW071,0.001363,3.817e-08,0.00292,0.3817,2.634e-05,2.634e-05,1.202355,0.00019085
4PW072,0.0008931,5.038e-05,0.004475,0.458,3.331e-05,3.331e-05,1.4427,0.000229
4PW073,0.0007043,4.96e-05,0.005203,0.496,3.799e-05,3.799e-05,1.5624,0.000248
4RR035,0.001277,7.293e-05,0.001116,0.221,0.0001175,0.0001175,0.69615,0.0001105
4RR036,0.0008658,7.4e-07,0.007163,0.74,7.302e-05,7.302e-05,2.331,0.00037
4RR037,0.0008085,7.7e-07,0.007631,0.77,7.561e-05,7.561e-05,2.4255,0.000385
5GE083,0.0004892,1.009e-05,0.001866,0.1681,8.798e-06,8.798e-06,0.529515,8.405e-05
5GE084,0.0002181,1.508e-05,0.0007691,0.116,8.651e-06,8.651e-06,0.3654,5.8e-05
5GE085,0.0009287,0.0001359,0.007769,0.755,4.461e-05,4.461e-05,2.37825,0.0003775
5PW074,0.002519,6.63e-07,0.007359,0.663,3.377e-05,3.377e-05,2.08845,0.0003315
5PW075,0.001942,8.09e-07,0.009789,0.809,4.161e-05,4.161e-05,2.54835,0.0004045
5PW076,0.0007525,1.075e-07,0.01601,1.075,6.699e-05,6.699e-05,3.38625,0.0005375
5RR038,0.001414,2.08e-05,0.004358,0.52,3.296e-05,3.296e-05,1.638,0.00026
5RR039,0.001337,2.75e-05,0.004758,0.55,3.518e-05,3.518e-05,1.7325,0.000275
5RR040,0.000567,1.05e-06,0.01196,1.05,6.694e-05,6.694e-05,3.3075,0.000525
6AL007,0.0007594,3.39e-06,0.0008057,0.113,5.733e-06,5.733e-06,0.35595,5.65e-05
6AL010,0.000765,3.375e-06,0.000801,0.1125,5.708e-06,5.708e-06,0.354375,5.625e-05
6AL013,0.0008207,3.231e-06,0.0007464,0.1077,5.464e-06,5.464e-06,0.339255,5.385e-05
6AL016,0.0007646,3.378e-06,0.0008017,0.1126,5.713e-06,5.713e-06,0.35469,5.63e-05
6AL019,0.0008231,3.228e-06,0.0007457,0.1076,5.459e-06,5.459e-06,0.33894,5.38e-05
6AL020,0.0006756,3.6e-06,0.0008904,0.12,6.088e-06,6.088e-06,0.378,6e-05
6AL024,0.0001605,2.081e-05,0.000665,0.0991,6.032e-06,6.032e-06,0.312165,4.955e-05
6BR010,0.001058,1.075e-05,0.001658,0.215,1.246e-05,1.246e-05,0.67725,0.0001075
6CM044,0.0007176,0.000156,0.00312,0.312,2.424e-05,2.424e-05,0.9828,0.000156
6GE087,0.001206,4.578e-05,0.01151,0.763,5.279e-05,5.279e-05,2.40345,0.0003815
6GE088,0.00119,4.608e-05,0.01167,0.768,5.314e-05,5.314e-05,2.4192,0.000384
6GE089,0.001082,4.16e-05,0.01351,0.832,5.77e-05,5.77e-05,2.6208,0.000416
6GE090,0.001018,4.39e-05,0.01487,0.878,6.217e-05,6.217e-05,2.7657,0.000439
6GE096,0.0007948,1.191e-05,0.001676,0.1702,9.003e-06,9.003e-06,0.53613,8.51e-05
6RR042,0.001203,2.41e-07,0.00135,0.241,1.255e-05,1.255e-05,0.75915,0.0001205
7CM045,0.0007182,3.42e-07,0.003181,0.342,2.872e-05,2.872e-05,1.0773,0.000171
7CM046,0.0006745,3.55e-07,0.003408,0.355,2.966e-05,2.966e-05,1.11825,0.0001775
7CM047,0.000592,3.7e-07,0.003663,0.37,3.074e-05,3.074e-05,1.1655,0.000185
7CM048,0.001022,0.0002358,0.002201,0.262,2.636e-05,2.636e-05,0.8253,0.000131
7CM049,0.001036,0.000224,0.002464,0.28,2.66e-05,2.66e-05,0.882,0.00014
7CM050,0.006216,0.0001184,0.00225,0.296,3.492e-05,3.492e-05,0.9324,0.000148
7GE097,0.002473,6.48e-05,0.01704,1.08,6.406e-05,6.406e-05,3.402,0.00054
7GE098,0.002342,6.66e-05,0.01798,1.11,6.598e-05,6.598e-05,3.4965,0.000555
7GE099,0.002237,6.78e-05,0.01865,1.13,6.724e-05,6.724e-05,3.5595,0.000565
7PW077,0.0006925,9.74e-08,0.001156,0.0974,4.774e-06,4.774e-06,0.30681,4.87e-05
7PW078,0.0006925,9.74e-08,0.001156,0.0974,4.774e-06,4.774e-06,0.30681,4.87e-05
7PW079,0.0005039,2.47e-06,0.0009917,0.1235,1.494e-05,1.494e-05,0.389025,6.175e-05
7PW081,0.002175,7.66e-07,0.0091,0.766,3.939e-05,3.939e-05,2.4129,0.000383
7PW082,0.001942,8.09e-07,0.009789,0.809,4.161e-05,4.161e-05,2.54835,0.0004045
7PW083,0.001213,3.04e-07,0.001809,0.304,2.604e-05,2.604e-05,0.9576,0.000152
7PW084,0.001199,3.25e-07,0.002236,0.325,2.784e-05,2.784e-05,1.02375,0.0001625
8AL025,0.0004036,6.563e-05,0.0006394,0.0943,8.318e-06,8.318e-06,0.297045,4.715e-05
8CM051,0.0005408,3.38e-05,0.00365,0.338,1.845e-05,1.845e-05,1.0647,0.000169
8CM052,0.0008779,1.735e-05,0.00322,0.347,2.189e-05,2.189e-05,1.09305,0.0001735
8CM053,0.0008341,1.79e-05,0.003372,0.358,2.259e-05,2.259e-05,1.1277,0.000179
8CM054,0.0007897,1.845e-05,0.003528,0.369,2.328e-05,2.328e-05,1.16235,0.0001845
8CM055,0.001024,1.58e-05,0.002797,0.316,1.994e-05,1.994e-05,0.9954,0.000158
8CM056,0.001304,2.112e-05,0.00212,0.264,1.71e-05,1.71e-05,0.8316,0.000132
8CM057,0.001214,1.953e-05,0.002313,0.279,1.792e-05,1.792e-05,0.87885,0.0001395
8CM058,0.001024,1.58e-05,0.002797,0.316,1.994e-05,1.994e-05,0.9954,0.000158
8CM059,0.001331,2.08e-05,0.00207,0.26,1.684e-05,1.684e-05,0.819,0.00013
8CM060,0.001229,1.946e-05,0.002296,0.278,1.785e-05,1.785e-05,0.8757,0.000139
8CM061,0.001418,2.048e-05,0.001992,0.256,1.658e-05,1.658e-05,0.8064,0.000128
8CM062,0.001348,2.144e-05,0.002139,0.268,1.736e-05,1.736e-05,0.8442,0.000134
8CM063,0.001216,2.037e-05,0.00243,0.291,1.869e-05,1.869e-05,0.91665,0.0001455
8CM064,0.001133,1.848e-05,0.002649,0.308,1.961e-05,1.961e-05,0.9702,0.000154
8CM065,0.001016,1.655e-05,0.002956,0.331,2.088e-05,2.088e-05,1.04265,0.0001655
8CM066,0.0009673,1.715e-05,0.003118,0.343,2.164e-05,2.164e-05,1.08045,0.0001715
8GE100,0.0009716,4.54e-05,0.01578,0.908,6.429e-05,6.429e-05,2.8602,0.000454
8GE101,0.001158,6.165e-05,0.008508,0.685,3.701e-05,3.701e-05,2.15775,0.0003425
8GE102,0.0007566,1.158e-05,0.00214,0.193,1.01e-05,1.01e-05,0.60795,9.65e-05
8GE103,0.0007566,1.158e-05,0.00214,0.193,1.01e-05,1.01e-05,0.60795,9.65e-05
8GE104,0.0007614,1.128e-05,0.002079,0.188,9.839e-06,9.839e-06,0.5922,9.4e-05
8GE105,0.0007614,1.128e-05,0.002079,0.188,9.839e-06,9.839e-06,0.5922,9.4e-05
8GE106,0.0007614,1.128e-05,0.002079,0.188,9.839e-06,9.839e-06,0.5922,9.4e-05
8GE107,0.0007631,1.098e-05,0.001989,0.183,9.577e-06,9.577e-06,0.57645,9.15e-05
8GE108,0.0007614,1.08e-05,0.001939,0.18,9.42e-06,9.42e-06,0.567,9e-05
8GE109,0.0007614,1.08e-05,0.001939,0.18,9.42e-06,9.42e-06,0.567,9e-05
8GE110,0.000759,1.074e-05,0.001924,0.179,9.368e-06,9.368e-06,0.56385,8.95e-05
8GE111,0.0007625,1.074e-05,0.001919,0.179,9.368e-06,9.368e-06,0.56385,8.95e-05
8GE112,0.0007592,1.197e-05,0.001782,0.171,9.045e-06,9.045e-06,0.53865,8.55e-05
8GE113,0.0007594,1.176e-05,0.001729,0.168,8.887e-06,8.887e-06,0.5292,8.4e-05
8GE114,0.0009901,2.22e-05,0.001696,0.222,1.243e-05,1.243e-05,0.6993,0.000111
8IA009,0.0007784,1.914e-05,0.002839,0.319,6.563e-05,6.563e-05,1.00485,0.0001595
8IA010,0.0007784,1.914e-05,0.002839,0.319,6.563e-05,6.563e-05,1.00485,0.0001595
8PW085,0.0006294,0.0001144,0.001802,0.2861,3.007e-05,3.007e-05,0.901215,0.00014305
8PW086,0.00475,0.0007917,0.004628,0.609,8.29e-05,8.29e-05,1.91835,0.0003045
8PW087,0.004704,0.0008047,0.004704,0.619,8.426e-05,8.426e-05,1.94985,0.0003095
8PW088,0.004704,0.0008047,0.004704,0.619,8.426e-05,8.426e-05,1.94985,0.0003095
8PW089,0.00035,0.000175,0.0105,0.875,5.569e-05,5.569e-05,2.75625,0.0004375
8RR043,0.005664,0.002017,0.002215,0.279,0.0001271,0.0001271,0.87885,0.0001395
8RR044,0.000396,2.4e-05,0.006822,0.6,3.692e-05,3.692e-05,1.89,3e-04
8RR045,0.0003348,2.48e-05,0.007242,0.62,3.856e-05,3.856e-05,1.953,0.00031
8RR046,0.00098,7e-07,0.00798,0.7,4.462e-05,4.462e-05,2.205,0.00035
9EA001,0.000903,4.977e-05,0.009172,0.711,4.613e-05,4.613e-05,2.23965,0.0003555
9GE124,0.002044,5.166e-05,0.01015,0.738,4.41e-05,4.41e-05,2.3247,0.000369
9GE125,0.002019,5.215e-05,0.01033,0.745,4.457e-05,4.457e-05,2.34675,0.0003725
9GE126,0.001737,4.824e-05,0.01188,0.804,4.726e-05,4.726e-05,2.5326,0.000402
9GE127,0.001602,5.112e-05,0.01315,0.852,4.845e-05,4.845e-05,2.6838,0.000426
9GE128,0.001524,5.256e-05,0.01385,0.876,4.957e-05,4.957e-05,2.7594,0.000438
9PW092,0.001201,4.65e-05,0.009378,0.775,4.104e-05,4.104e-05,2.44125,0.0003875
9PW093,0.001031,4.09e-05,0.01014,0.818,4.286e-05,4.286e-05,2.5767,0.000409
9PW094,0.001031,4.09e-05,0.01014,0.818,4.286e-05,4.286e-05,2.5767,0.000409
9PW095,0.0009746,4.165e-05,0.0104,0.833,4.364e-05,4.364e-05,2.62395,0.0004165
9RR047,0.00105,7.5e-07,0.00885,0.75,4.781e-05,4.781e-05,2.3625,0.000375
FOCA-1,0.004438,5.739e-05,1.598e-05,0.0047,1.88e-07,1.88e-07,0.014805,2.35e-06
FOCA-2,0.008461,0.0001279,6.758e-06,0.0062,3.1e-06,3.1e-06,0.01953,3.1e-06
FOCA-3,0.006061,0.0001206,4.44e-05,0.0074,2.96e-07,2.96e-07,0.02331,3.7e-06
FOCA-4,0.01043,0.0001129,2.646e-05,0.0098,3.92e-07,3.92e-07,0.03087,4.9e-06
FOCA-5,0.003801,0.0001063,3.648e-06,0.0032,1.28e-07,1.28e-07,0.01008,1.6e-06
FOCA-6,0.003339,6.571e-05,9.331e-05,0.0048,1.92e-07,1.92e-07,0.01512,2.4e-06
FOCA-7,0.005848,8.861e-05,1.615e-05,0.0054,2.16e-07,2.16e-07,0.01701,2.7e-06
FOCA-8,0.009405,0.0003366,6.6e-09,0.0066,2.64e-07,2.64e-07,0.02079,3.3e-06
FOCA-9,0.02776,0.0002833,0.0003001,0.022,2.2e-06,2.2e-06,0.0693,1.1e-05
FOCA-10,0.007207,0.0001136,5.605e-06,0.0059,2.36e-07,2.36e-07,0.018585,2.95e-06
FOCA-11,0.007662,8.709e-05,2.903e-05,0.0077,3.08e-06,3.08e-06,0.024255,3.85e-06
FOCA-12,0.01577,0.0001673,1.738e-05,0.0125,5e-06,5e-06,0.039375,6.25e-06
FOCA-13,0.001285,0.0007696,1.6e-06,0.0016,1.6e-06,1.6e-06,0.00504,8e-07
FOCA-14,0.001025,2.297e-05,2.57e-05,0.0018,1.8e-09,1.8e-09,0.00567,9e-07
FOCA-15,0.002153,5.55e-05,1.461e-05,0.0023,2.3e-09,2.3e-09,0.007245,1.15e-06
FOCA-16,0.00225,4.64e-05,4.06e-05,0.0029,2.9e-09,2.9e-09,0.009135,1.45e-06
FOCA-17,4.015e-05,8.225e-06,6.74e-05,0.0025,1e-07,1e-07,0.007875,1.25e-06
FOCA-18,0.01577,0.0001673,1.738e-05,0.0125,5e-07,5e-07,0.039375,6.25e-06
FOCA-19,0.007662,8.709e-05,2.903e-05,0.0077,3.08e-07,3.08e-07,0.024255,3.85e-06
FOCA-20,0.01819,0.0001694,1.638e-05,0.014,5.6e-07,5.6e-07,0.0441,7e-06
PW127E,0.000343771746694502,5.56881463802705e-06,0.000601948503827418,0.0675017397355602,6.75017397355602e-07,6.75017397355602e-07,0.212630480167015,3.37508698677801e-05
PW127F,0.000279379157427938,5.56881463802705e-06,0.000729859571322986,0.0731707317073171,7.31707317073171e-07,7.31707317073171e-07,0.230487804878049,3.65853658536585e-05
PT6A65B ,0.000911253280839895,0.000166174540682415,0.000185367454068241,0.0408464566929134,4.08464566929134e-07,4.08464566929134e-07,0.128666338582677,2.04232283464567e-05
AE2100A ,0.000392203659506762,5.56881463802705e-06,0.00215833333333333,0.105011933174224,1.05011933174224e-06,1.05011933174224e-06,0.330787589498807,5.25059665871122e-05
CT75A2,0.000180436337625179,0.000119814020028612,0.000325464949928469,0.0486409155937053,4.86409155937053e-07,4.86409155937053e-07,0.153218884120172,2.43204577968526e-05
PW150A,0.00060973207249803,0.000203506698187549,0.00102442868400315,0.118203309692671,1.18203309692671e-06,1.18203309692671e-06,0.372340425531915,5.91016548463357e-05
AI24VT,0.00422421875,0.00123932291666667,0.000104166666666667,0.103385416666667,1.03385416666667e-06,1.03385416666667e-06,0.3256640625,5.16927083333333e-05
